game_id,Date,Home Team,Home Team Name,Home Score,Away Team,Away Team Name,Away Score
0022501200,2026-04-12,POR,Trail Blazers,122,SAC,Kings,110
0022501193,2026-04-12,DAL,Mavericks,149,CHI,Bulls,128
0022501186,2026-04-12,BOS,Celtics,113,ORL,Magic,108
0022501187,2026-04-12,CLE,Cavaliers,130,WAS,Wizards,117
0022501188,2026-04-12,IND,Pacers,121,DET,Pistons,133
0022501189,2026-04-12,MIA,Heat,143,ATL,Hawks,117
0022501191,2026-04-12,PHI,76ers,126,MIL,Bucks,106
0022501192,2026-04-12,TOR,Raptors,136,BKN,Nets,101
0022501190,2026-04-12,NYK,Knicks,96,CHA,Hornets,110
0022501194,2026-04-12,HOU,Rockets,132,MEM,Grizzlies,101
0022501195,2026-04-12,MIN,Timberwolves,132,NOP,Pelicans,126
0022501196,2026-04-12,OKC,Thunder,103,PHX,Suns,135
0022501197,2026-04-12,SAS,Spurs,118,DEN,Nuggets,128
0022501198,2026-04-12,LAL,Lakers,131,UTA,Jazz,107
0022501199,2026-04-12,LAC,Clippers,115,GSW,Warriors,110
0022501178,2026-04-10,HOU,Rockets,132,MIN,Timberwolves,136
0022501171,2026-04-10,CHA,Hornets,100,DET,Pistons,118
0022501172,2026-04-10,WAS,Wizards,117,MIA,Heat,140
0022501173,2026-04-10,ATL,Hawks,124,CLE,Cavaliers,102
0022501174,2026-04-10,BOS,Celtics,144,NOP,Pelicans,118
0022501175,2026-04-10,IND,Pacers,94,PHI,76ers,105
0022501176,2026-04-10,NYK,Knicks,112,TOR,Raptors,95
0022501177,2026-04-10,CHI,Bulls,103,ORL,Magic,127
0022501181,2026-04-10,UTA,Jazz,147,MEM,Grizzlies,101
0022501179,2026-04-10,MIL,Bucks,125,BKN,Nets,108
0022501180,2026-04-10,SAS,Spurs,139,DAL,Mavericks,120
0022501182,2026-04-10,DEN,Nuggets,127,OKC,Thunder,107
0022501183,2026-04-10,POR,Trail Blazers,116,LAC,Clippers,97
0022501184,2026-04-10,SAC,Kings,124,GSW,Warriors,118
0022501185,2026-04-10,LAL,Lakers,101,PHX,Suns,73
0022501170,2026-04-09,GSW,Warriors,103,LAL,Lakers,119
0022501169,2026-04-09,HOU,Rockets,113,PHI,76ers,102
0022501168,2026-04-09,NYK,Knicks,112,BOS,Celtics,106
0022501167,2026-04-09,BKN,Nets,94,IND,Pacers,123
0022501166,2026-04-09,WAS,Wizards,108,CHI,Bulls,119
0022501165,2026-04-09,TOR,Raptors,128,MIA,Heat,114
0022501161,2026-04-08,SAS,Spurs,112,POR,Trail Blazers,101
0022501158,2026-04-08,CLE,Cavaliers,122,ATL,Hawks,116
0022501159,2026-04-08,ORL,Magic,132,MIN,Timberwolves,120
0022501160,2026-04-08,DET,Pistons,137,MIL,Bucks,111
0022501163,2026-04-08,LAC,Clippers,110,OKC,Thunder,128
0022501162,2026-04-08,DEN,Nuggets,136,MEM,Grizzlies,119
0022501164,2026-04-08,PHX,Suns,112,DAL,Mavericks,107
0022501157,2026-04-07,PHX,Suns,105,HOU,Rockets,119
0022501156,2026-04-07,LAC,Clippers,116,DAL,Mavericks,103
0022501155,2026-04-07,LAL,Lakers,87,OKC,Thunder,123
0022501154,2026-04-07,GSW,Warriors,110,SAC,Kings,105
0022501153,2026-04-07,NOP,Pelicans,156,UTA,Jazz,137
0022501152,2026-04-07,IND,Pacers,104,MIN,Timberwolves,124
0022501151,2026-04-07,TOR,Raptors,121,MIA,Heat,95
0022501150,2026-04-07,BKN,Nets,96,MIL,Bucks,90
0022501149,2026-04-07,BOS,Celtics,113,CHA,Hornets,102
0022501148,2026-04-07,WAS,Wizards,98,CHI,Bulls,129
0022501145,2026-04-06,MEM,Grizzlies,126,CLE,Cavaliers,142
0022501144,2026-04-06,ORL,Magic,123,DET,Pistons,107
0022501143,2026-04-06,ATL,Hawks,105,NYK,Knicks,108
0022501146,2026-04-06,SAS,Spurs,115,PHI,76ers,102
0022501147,2026-04-06,DEN,Nuggets,137,POR,Trail Blazers,132
0022501137,2026-04-05,MIN,Timberwolves,108,CHA,Hornets,122
0022501132,2026-04-05,BOS,Celtics,115,TOR,Raptors,101
0022501133,2026-04-05,BKN,Nets,121,WAS,Wizards,115
0022501134,2026-04-05,CHI,Bulls,110,PHX,Suns,120
0022501136,2026-04-05,CLE,Cavaliers,117,IND,Pacers,108
0022501135,2026-04-05,MIL,Bucks,131,MEM,Grizzlies,115
0022501138,2026-04-05,NOP,Pelicans,108,ORL,Magic,112
0022501139,2026-04-05,OKC,Thunder,146,UTA,Jazz,111
0022501140,2026-04-05,DAL,Mavericks,134,LAL,Lakers,128
0022501141,2026-04-05,SAC,Kings,109,LAC,Clippers,138
0022501142,2026-04-05,GSW,Warriors,116,HOU,Rockets,117
0022501131,2026-04-04,PHI,76ers,93,DET,Pistons,116
0022501130,2026-04-04,DEN,Nuggets,136,SAS,Spurs,134
0022501129,2026-04-04,MIA,Heat,152,WAS,Wizards,136
0022501124,2026-04-03,HOU,Rockets,140,UTA,Jazz,106
0022501120,2026-04-03,CHA,Hornets,129,IND,Pacers,108
0022501122,2026-04-03,BKN,Nets,107,ATL,Hawks,141
0022501123,2026-04-03,NYK,Knicks,136,CHI,Bulls,96
0022501121,2026-04-03,PHI,76ers,115,MIN,Timberwolves,103
0022501125,2026-04-03,MEM,Grizzlies,96,TOR,Raptors,128
0022501127,2026-04-03,DAL,Mavericks,127,ORL,Magic,138
0022501126,2026-04-03,MIL,Bucks,101,BOS,Celtics,133
0022501128,2026-04-03,SAC,Kings,117,NOP,Pelicans,113
0022501119,2026-04-02,LAC,Clippers,99,SAS,Spurs,118
0022501118,2026-04-02,POR,Trail Blazers,118,NOP,Pelicans,106
0022501117,2026-04-02,GSW,Warriors,111,CLE,Cavaliers,118
0022501116,2026-04-02,OKC,Thunder,139,LAL,Lakers,96
0022501115,2026-04-02,DET,Pistons,113,MIN,Timberwolves,108
0022501114,2026-04-02,CHA,Hornets,127,PHX,Suns,107
0022501108,2026-04-01,TOR,Raptors,115,SAC,Kings,123
0022501105,2026-04-01,WAS,Wizards,131,PHI,76ers,153
0022501106,2026-04-01,MIA,Heat,129,BOS,Celtics,147
0022501107,2026-04-01,ORL,Magic,101,ATL,Hawks,130
0022501003,2026-04-01,MEM,Grizzlies,119,NYK,Knicks,130
0022501109,2026-04-01,CHI,Bulls,126,IND,Pacers,145
0022501112,2026-04-01,UTA,Jazz,117,DEN,Nuggets,130
0022501113,2026-04-01,GSW,Warriors,113,SAS,Spurs,127
0022501110,2026-04-01,HOU,Rockets,119,MIL,Bucks,113
0022501101,2026-03-31,DET,Pistons,127,TOR,Raptors,116
0022501099,2026-03-31,ORL,Magic,115,PHX,Suns,111
0022501100,2026-03-31,BKN,Nets,86,CHA,Hornets,117
0022500652,2026-03-31,MIL,Bucks,123,DAL,Mavericks,99
0022501102,2026-03-31,HOU,Rockets,111,NYK,Knicks,94
0022501103,2026-03-31,LAL,Lakers,127,CLE,Cavaliers,113
0022501104,2026-03-31,LAC,Clippers,104,POR,Trail Blazers,114
0022501098,2026-03-30,LAL,Lakers,120,WAS,Wizards,101
0022501097,2026-03-30,OKC,Thunder,114,DET,Pistons,110
0022501096,2026-03-30,UTA,Jazz,113,CLE,Cavaliers,122
0022501095,2026-03-30,DAL,Mavericks,94,MIN,Timberwolves,124
0022501094,2026-03-30,SAS,Spurs,129,CHI,Bulls,114
0022501093,2026-03-30,MEM,Grizzlies,105,PHX,Suns,131
0022501092,2026-03-30,ATL,Hawks,112,BOS,Celtics,102
0022501091,2026-03-30,MIA,Heat,119,PHI,76ers,109
0022501086,2026-03-29,TOR,Raptors,139,ORL,Magic,87
0022501083,2026-03-29,IND,Pacers,135,MIA,Heat,118
0022501082,2026-03-29,MIL,Bucks,113,LAC,Clippers,127
0022501085,2026-03-29,CHA,Hornets,99,BOS,Celtics,114
0022501084,2026-03-29,BKN,Nets,116,SAC,Kings,99
0022501087,2026-03-29,POR,Trail Blazers,123,WAS,Wizards,88
0022501089,2026-03-29,OKC,Thunder,111,NYK,Knicks,100
0022501090,2026-03-29,DEN,Nuggets,116,GSW,Warriors,93
0022501088,2026-03-29,NOP,Pelicans,102,HOU,Rockets,134
0022501079,2026-03-28,MEM,Grizzlies,125,CHI,Bulls,124
0022501077,2026-03-28,CHA,Hornets,114,PHI,76ers,118
0022501078,2026-03-28,ATL,Hawks,123,SAC,Kings,113
0022501076,2026-03-28,MIL,Bucks,95,SAS,Spurs,127
0022501080,2026-03-28,MIN,Timberwolves,87,DET,Pistons,109
0022501081,2026-03-28,PHX,Suns,134,UTA,Jazz,109
0022501075,2026-03-27,LAL,Lakers,116,BKN,Nets,99
0022501074,2026-03-27,POR,Trail Blazers,93,DAL,Mavericks,100
0022501073,2026-03-27,GSW,Warriors,131,WAS,Wizards,126
0022501072,2026-03-27,DEN,Nuggets,135,UTA,Jazz,129
0022501071,2026-03-27,TOR,Raptors,119,NOP,Pelicans,106
0022501070,2026-03-27,OKC,Thunder,131,CHI,Bulls,113
0022501069,2026-03-27,MEM,Grizzlies,109,HOU,Rockets,119
0022501068,2026-03-27,CLE,Cavaliers,149,MIA,Heat,128
0022501067,2026-03-27,BOS,Celtics,109,ATL,Hawks,102
0022501066,2026-03-27,IND,Pacers,113,LAC,Clippers,114
0022501063,2026-03-26,CHA,Hornets,114,NYK,Knicks,103
0022501064,2026-03-26,DET,Pistons,129,NOP,Pelicans,108
0022501065,2026-03-26,ORL,Magic,121,SAC,Kings,117
0022501057,2026-03-25,UTA,Jazz,110,WAS,Wizards,133
0022501051,2026-03-25,DET,Pistons,129,ATL,Hawks,130
0022501052,2026-03-25,IND,Pacers,130,LAL,Lakers,137
0022501054,2026-03-25,BOS,Celtics,119,OKC,Thunder,109
0022501055,2026-03-25,CLE,Cavaliers,103,MIA,Heat,120
0022501056,2026-03-25,MEM,Grizzlies,98,SAS,Spurs,123
0022501053,2026-03-25,PHI,76ers,157,CHI,Bulls,137
0022501058,2026-03-25,MIN,Timberwolves,110,HOU,Rockets,108
0022501059,2026-03-25,DEN,Nuggets,142,DAL,Mavericks,135
0022501060,2026-03-25,GSW,Warriors,109,BKN,Nets,106
0022501061,2026-03-25,POR,Trail Blazers,130,MIL,Bucks,99
0022501062,2026-03-25,LAC,Clippers,119,TOR,Raptors,94
0022501050,2026-03-24,PHX,Suns,123,DEN,Nuggets,125
0022501049,2026-03-24,CLE,Cavaliers,136,ORL,Magic,131
0022501048,2026-03-24,NYK,Knicks,121,NOP,Pelicans,116
0022501047,2026-03-24,CHA,Hornets,134,SAC,Kings,90
0022501042,2026-03-23,CHI,Bulls,132,HOU,Rockets,124
0022501038,2026-03-23,DET,Pistons,113,LAL,Lakers,110
0022501039,2026-03-23,ORL,Magic,126,IND,Pacers,128
0022501040,2026-03-23,PHI,76ers,103,OKC,Thunder,123
0022501041,2026-03-23,MIA,Heat,111,SAS,Spurs,136
0022501037,2026-03-23,ATL,Hawks,146,MEM,Grizzlies,107
0022501043,2026-03-23,UTA,Jazz,127,TOR,Raptors,143
0022501046,2026-03-23,LAC,Clippers,129,MIL,Bucks,96
0022501044,2026-03-23,DAL,Mavericks,131,GSW,Warriors,137
0022501045,2026-03-23,POR,Trail Blazers,134,BKN,Nets,99
0022501036,2026-03-22,PHX,Suns,120,TOR,Raptors,98
0022501035,2026-03-22,BOS,Celtics,92,MIN,Timberwolves,102
0022501034,2026-03-22,NYK,Knicks,145,WAS,Wizards,113
0022501033,2026-03-22,SAC,Kings,126,BKN,Nets,122
0022501032,2026-03-22,DEN,Nuggets,128,POR,Trail Blazers,112
0022501026,2026-03-21,ATL,Hawks,126,GSW,Warriors,110
0022501022,2026-03-21,WAS,Wizards,111,OKC,Thunder,132
0022501023,2026-03-21,CHA,Hornets,124,MEM,Grizzlies,101
0022501024,2026-03-21,ORL,Magic,104,LAL,Lakers,105
0022501025,2026-03-21,NOP,Pelicans,106,CLE,Cavaliers,111
0022501029,2026-03-21,DAL,Mavericks,131,LAC,Clippers,138
0022501027,2026-03-21,HOU,Rockets,123,MIA,Heat,122
0022501028,2026-03-21,SAS,Spurs,134,IND,Pacers,119
0022501030,2026-03-21,UTA,Jazz,116,PHI,76ers,126
0022501031,2026-03-21,PHX,Suns,105,MIL,Bucks,108
0022501018,2026-03-20,HOU,Rockets,117,ATL,Hawks,95
0022501016,2026-03-20,BKN,Nets,92,NYK,Knicks,93
0022501017,2026-03-20,DET,Pistons,115,GSW,Warriors,101
0022501021,2026-03-20,DEN,Nuggets,121,TOR,Raptors,115
0022501019,2026-03-20,MEM,Grizzlies,112,BOS,Celtics,117
0022501020,2026-03-20,MIN,Timberwolves,104,POR,Trail Blazers,108
0022501015,2026-03-19,SAC,Kings,118,PHI,76ers,139
0022501014,2026-03-19,UTA,Jazz,128,MIL,Bucks,96
0022501013,2026-03-19,SAS,Spurs,101,PHX,Suns,100
0022501012,2026-03-19,NOP,Pelicans,105,LAC,Clippers,99
0022501011,2026-03-19,CHI,Bulls,110,CLE,Cavaliers,115
0022501010,2026-03-19,MIA,Heat,126,LAL,Lakers,134
0022501009,2026-03-19,WAS,Wizards,95,DET,Pistons,117
0022501008,2026-03-19,CHA,Hornets,130,ORL,Magic,111
0022501002,2026-03-18,CHI,Bulls,109,TOR,Raptors,139
0022500999,2026-03-18,BOS,Celtics,120,GSW,Warriors,99
0022501000,2026-03-18,BKN,Nets,92,OKC,Thunder,121
0022501001,2026-03-18,IND,Pacers,119,POR,Trail Blazers,127
0022500651,2026-03-18,MEM,Grizzlies,125,DEN,Nuggets,118
0022501004,2026-03-18,MIN,Timberwolves,147,UTA,Jazz,111
0022501006,2026-03-18,DAL,Mavericks,120,ATL,Hawks,135
0022501007,2026-03-18,HOU,Rockets,116,LAL,Lakers,124
0022501005,2026-03-18,NOP,Pelicans,124,LAC,Clippers,109
0022500994,2026-03-17,NYK,Knicks,136,IND,Pacers,110
0022500991,2026-03-17,CHA,Hornets,136,MIA,Heat,106
0022500992,2026-03-17,ORL,Magic,108,OKC,Thunder,113
0022500993,2026-03-17,WAS,Wizards,117,DET,Pistons,130
0022500997,2026-03-17,DEN,Nuggets,124,PHI,76ers,96
0022500995,2026-03-17,MIL,Bucks,116,CLE,Cavaliers,123
0022500996,2026-03-17,MIN,Timberwolves,116,PHX,Suns,104
0022500998,2026-03-17,SAC,Kings,104,SAS,Spurs,132
0022500990,2026-03-16,LAC,Clippers,115,SAS,Spurs,119
0022500989,2026-03-16,HOU,Rockets,92,LAL,Lakers,100
0022500988,2026-03-16,NOP,Pelicans,129,DAL,Mavericks,111
0022500987,2026-03-16,CHI,Bulls,132,MEM,Grizzlies,107
0022500986,2026-03-16,BOS,Celtics,120,PHX,Suns,112
0022500985,2026-03-16,BKN,Nets,95,POR,Trail Blazers,114
0022500984,2026-03-16,WAS,Wizards,117,GSW,Warriors,125
0022500983,2026-03-16,ATL,Hawks,124,ORL,Magic,112
0022500979,2026-03-15,MIL,Bucks,134,IND,Pacers,123
0022500976,2026-03-15,OKC,Thunder,116,MIN,Timberwolves,103
0022500977,2026-03-15,CLE,Cavaliers,120,DAL,Mavericks,130
0022500978,2026-03-15,TOR,Raptors,119,DET,Pistons,108
0022500980,2026-03-15,PHI,76ers,109,POR,Trail Blazers,103
0022500982,2026-03-15,SAC,Kings,116,UTA,Jazz,111
0022500981,2026-03-15,NYK,Knicks,110,GSW,Warriors,107
0022500975,2026-03-14,LAC,Clippers,109,SAC,Kings,118
0022500974,2026-03-14,LAL,Lakers,127,DEN,Nuggets,125
0022500973,2026-03-14,SAS,Spurs,115,CHA,Hornets,102
0022500972,2026-03-14,MIA,Heat,117,ORL,Magic,121
0022500971,2026-03-14,BOS,Celtics,111,WAS,Wizards,100
0022500970,2026-03-14,ATL,Hawks,122,MIL,Bucks,99
0022500969,2026-03-14,PHI,76ers,104,BKN,Nets,97
0022500964,2026-03-13,HOU,Rockets,107,NOP,Pelicans,105
0022500961,2026-03-13,DET,Pistons,126,MEM,Grizzlies,110
0022500962,2026-03-13,IND,Pacers,92,NYK,Knicks,101
0022500963,2026-03-13,TOR,Raptors,122,PHX,Suns,115
0022500967,2026-03-13,POR,Trail Blazers,124,UTA,Jazz,114
0022500965,2026-03-13,DAL,Mavericks,105,CLE,Cavaliers,138
0022500966,2026-03-13,GSW,Warriors,117,MIN,Timberwolves,127
0022500968,2026-03-13,LAC,Clippers,119,CHI,Bulls,108
0022500953,2026-03-12,DET,Pistons,131,PHI,76ers,109
0022500954,2026-03-12,IND,Pacers,108,PHX,Suns,123
0022500955,2026-03-12,ORL,Magic,136,WAS,Wizards,131
0022500956,2026-03-12,ATL,Hawks,108,BKN,Nets,97
0022500957,2026-03-12,MIA,Heat,112,MIL,Bucks,105
0022500958,2026-03-12,SAS,Spurs,131,DEN,Nuggets,136
0022500959,2026-03-12,OKC,Thunder,104,BOS,Celtics,102
0022501111,2026-03-12,MEM,Grizzlies,112,DAL,Mavericks,120
0022500960,2026-03-12,LAL,Lakers,142,CHI,Bulls,130
0022500952,2026-03-11,LAC,Clippers,153,MIN,Timberwolves,128
0022500951,2026-03-11,SAC,Kings,109,CHA,Hornets,117
0022500950,2026-03-11,DEN,Nuggets,129,HOU,Rockets,93
0022500949,2026-03-11,UTA,Jazz,117,NYK,Knicks,134
0022500948,2026-03-11,NOP,Pelicans,122,TOR,Raptors,111
0022500947,2026-03-11,ORL,Magic,128,CLE,Cavaliers,122
0022500941,2026-03-10,MIL,Bucks,114,PHX,Suns,129
0022500936,2026-03-10,PHI,76ers,139,MEM,Grizzlies,129
0022500938,2026-03-10,MIA,Heat,150,WAS,Wizards,129
0022500939,2026-03-10,ATL,Hawks,124,DAL,Mavericks,112
0022500940,2026-03-10,HOU,Rockets,113,TOR,Raptors,99
0022500937,2026-03-10,BKN,Nets,100,DET,Pistons,138
0022500942,2026-03-10,SAS,Spurs,125,BOS,Celtics,116
0022500944,2026-03-10,POR,Trail Blazers,101,CHA,Hornets,103
0022500945,2026-03-10,SAC,Kings,114,IND,Pacers,109
0022500946,2026-03-10,LAL,Lakers,120,MIN,Timberwolves,106
0022500943,2026-03-10,GSW,Warriors,124,CHI,Bulls,130
0022500935,2026-03-09,LAC,Clippers,126,NYK,Knicks,118
0022500934,2026-03-09,UTA,Jazz,119,GSW,Warriors,116
0022500933,2026-03-09,OKC,Thunder,129,DEN,Nuggets,126
0022500932,2026-03-09,BKN,Nets,126,MEM,Grizzlies,115
0022500931,2026-03-09,CLE,Cavaliers,115,PHI,76ers,101
0022500925,2026-03-08,NOP,Pelicans,138,WAS,Wizards,118
0022500921,2026-03-08,CLE,Cavaliers,98,BOS,Celtics,109
0022500922,2026-03-08,LAL,Lakers,110,NYK,Knicks,97
0022500923,2026-03-08,MIA,Heat,121,DET,Pistons,110
0022500924,2026-03-08,TOR,Raptors,122,DAL,Mavericks,92
0022500930,2026-03-08,SAC,Kings,126,CHI,Bulls,110
0022500926,2026-03-08,MIL,Bucks,91,ORL,Magic,130
0022500927,2026-03-08,SAS,Spurs,145,HOU,Rockets,120
0022500928,2026-03-08,PHX,Suns,111,CHA,Hornets,99
0022500929,2026-03-08,POR,Trail Blazers,131,IND,Pacers,111
0022500918,2026-03-07,MEM,Grizzlies,120,LAC,Clippers,123
0022500916,2026-03-07,DET,Pistons,105,BKN,Nets,107
0022500917,2026-03-07,ATL,Hawks,125,PHI,76ers,116
0022500915,2026-03-07,MIN,Timberwolves,92,ORL,Magic,119
0022500919,2026-03-07,MIL,Bucks,113,UTA,Jazz,99
0022500920,2026-03-07,OKC,Thunder,104,GSW,Warriors,97
0022500913,2026-03-06,SAS,Spurs,116,LAC,Clippers,112
0022500912,2026-03-06,PHX,Suns,118,NOP,Pelicans,116
0022500911,2026-03-06,DEN,Nuggets,103,NYK,Knicks,142
0022500910,2026-03-06,HOU,Rockets,106,POR,Trail Blazers,99
0022500909,2026-03-06,CHA,Hornets,120,MIA,Heat,128
0022500908,2026-03-06,BOS,Celtics,120,DAL,Mavericks,100
0022500914,2026-03-06,LAL,Lakers,128,IND,Pacers,117
0022500906,2026-03-05,DEN,Nuggets,120,LAL,Lakers,113
0022500902,2026-03-05,HOU,Rockets,113,GSW,Warriors,115
0022500899,2026-03-05,ORL,Magic,115,DAL,Mavericks,114
0022500900,2026-03-05,WAS,Wizards,112,UTA,Jazz,122
0022500901,2026-03-05,MIA,Heat,126,BKN,Nets,110
0022500907,2026-03-05,SAC,Kings,123,NOP,Pelicans,133
0022500903,2026-03-05,MIN,Timberwolves,115,TOR,Raptors,107
0022500904,2026-03-05,SAS,Spurs,121,DET,Pistons,106
0022500905,2026-03-05,PHX,Suns,103,CHI,Bulls,105
0022500896,2026-03-04,MEM,Grizzlies,114,POR,Trail Blazers,122
0022500894,2026-03-04,BOS,Celtics,89,CHA,Hornets,118
0022500893,2026-03-04,NYK,Knicks,100,OKC,Thunder,103
0022500895,2026-03-04,PHI,76ers,106,UTA,Jazz,102
0022500897,2026-03-04,MIL,Bucks,113,ATL,Hawks,131
0022500898,2026-03-04,LAC,Clippers,130,IND,Pacers,107
0022500888,2026-03-03,PHI,76ers,91,SAS,Spurs,131
0022500883,2026-03-03,CHA,Hornets,117,DAL,Mavericks,90
0022500885,2026-03-03,ORL,Magic,126,WAS,Wizards,109
0022500886,2026-03-03,MIA,Heat,124,BKN,Nets,98
0022500887,2026-03-03,TOR,Raptors,95,NYK,Knicks,111
0022500884,2026-03-03,CLE,Cavaliers,113,DET,Pistons,109
0022500889,2026-03-03,CHI,Bulls,108,OKC,Thunder,116
0022500890,2026-03-03,MIN,Timberwolves,117,MEM,Grizzlies,110
0022500891,2026-03-03,LAL,Lakers,110,NOP,Pelicans,101
0022500892,2026-03-03,SAC,Kings,103,PHX,Suns,114
0022500882,2026-03-02,GSW,Warriors,101,LAC,Clippers,114
0022500881,2026-03-02,UTA,Jazz,125,DEN,Nuggets,128
0022500880,2026-03-02,MIL,Bucks,81,BOS,Celtics,108
0022500879,2026-03-02,WAS,Wizards,118,HOU,Rockets,123
0022500873,2026-03-01,ATL,Hawks,135,POR,Trail Blazers,101
0022500868,2026-03-01,NYK,Knicks,114,SAS,Spurs,89
0022500869,2026-03-01,BKN,Nets,102,CLE,Cavaliers,106
0022500870,2026-03-01,CHI,Bulls,120,MIL,Bucks,97
0022500871,2026-03-01,DEN,Nuggets,108,MIN,Timberwolves,117
0022500872,2026-03-01,IND,Pacers,106,MEM,Grizzlies,125
0022500876,2026-03-01,DAL,Mavericks,87,OKC,Thunder,100
0022500874,2026-03-01,BOS,Celtics,114,PHI,76ers,98
0022500875,2026-03-01,ORL,Magic,92,DET,Pistons,106
0022500877,2026-03-01,LAC,Clippers,137,NOP,Pelicans,117
0022500878,2026-03-01,LAL,Lakers,128,SAC,Kings,104
0022500865,2026-02-28,WAS,Wizards,125,TOR,Raptors,134
0022500864,2026-02-28,MIA,Heat,115,HOU,Rockets,105
0022500863,2026-02-28,CHA,Hornets,109,POR,Trail Blazers,93
0022500866,2026-02-28,GSW,Warriors,101,LAL,Lakers,129
0022500867,2026-02-28,UTA,Jazz,105,NOP,Pelicans,115
0022500862,2026-02-27,OKC,Thunder,127,DEN,Nuggets,121
0022500861,2026-02-27,DAL,Mavericks,105,MEM,Grizzlies,124
0022500860,2026-02-27,MIL,Bucks,98,NYK,Knicks,127
0022500859,2026-02-27,BOS,Celtics,148,BKN,Nets,111
0022500858,2026-02-27,DET,Pistons,122,CLE,Cavaliers,119
0022500852,2026-02-26,ORL,Magic,108,HOU,Rockets,113
0022500848,2026-02-26,IND,Pacers,109,CHA,Hornets,133
0022500849,2026-02-26,PHI,76ers,124,MIA,Heat,117
0022500850,2026-02-26,ATL,Hawks,126,WAS,Wizards,96
0022500851,2026-02-26,BKN,Nets,110,SAS,Spurs,126
0022500855,2026-02-26,PHX,Suns,113,LAL,Lakers,110
0022500853,2026-02-26,CHI,Bulls,112,POR,Trail Blazers,121
0022500854,2026-02-26,DAL,Mavericks,121,SAC,Kings,130
0022500856,2026-02-26,UTA,Jazz,118,NOP,Pelicans,129
0022500857,2026-02-26,LAC,Clippers,88,MIN,Timberwolves,94
0022500847,2026-02-25,DEN,Nuggets,103,BOS,Celtics,84
0022500846,2026-02-25,MIL,Bucks,118,CLE,Cavaliers,116
0022500845,2026-02-25,HOU,Rockets,128,SAC,Kings,97
0022500844,2026-02-25,MEM,Grizzlies,112,GSW,Warriors,133
0022500843,2026-02-25,TOR,Raptors,107,SAS,Spurs,110
0022500842,2026-02-25,DET,Pistons,124,OKC,Thunder,116
0022500836,2026-02-24,CHI,Bulls,99,CHA,Hornets,131
0022500831,2026-02-24,IND,Pacers,114,PHI,76ers,135
0022500832,2026-02-24,ATL,Hawks,119,WAS,Wizards,98
0022500833,2026-02-24,BKN,Nets,114,DAL,Mavericks,123
0022500834,2026-02-24,TOR,Raptors,107,OKC,Thunder,116
0022500835,2026-02-24,CLE,Cavaliers,109,NYK,Knicks,94
0022500837,2026-02-24,MIL,Bucks,128,MIA,Heat,117
0022500838,2026-02-24,NOP,Pelicans,113,GSW,Warriors,109
0022500839,2026-02-24,PHX,Suns,81,BOS,Celtics,97
0022500840,2026-02-24,LAL,Lakers,109,ORL,Magic,110
0022500841,2026-02-24,POR,Trail Blazers,121,MIN,Timberwolves,124
0022500830,2026-02-23,HOU,Rockets,125,UTA,Jazz,105
0022500829,2026-02-23,MEM,Grizzlies,114,SAC,Kings,123
0022500828,2026-02-23,DET,Pistons,103,SAS,Spurs,114
0022500822,2026-02-22,WAS,Wizards,112,CHA,Hornets,129
0022500818,2026-02-22,ATL,Hawks,115,BKN,Nets,104
0022500819,2026-02-22,MIL,Bucks,94,TOR,Raptors,122
0022500820,2026-02-22,GSW,Warriors,128,DEN,Nuggets,117
0022500821,2026-02-22,IND,Pacers,130,DAL,Mavericks,134
0022500817,2026-02-22,OKC,Thunder,121,CLE,Cavaliers,113
0022500823,2026-02-22,LAL,Lakers,89,BOS,Celtics,111
0022500825,2026-02-22,CHI,Bulls,99,NYK,Knicks,105
0022500826,2026-02-22,PHX,Suns,77,POR,Trail Blazers,92
0022500827,2026-02-22,LAC,Clippers,109,ORL,Magic,111
0022500824,2026-02-22,MIN,Timberwolves,108,PHI,76ers,135
0022500816,2026-02-21,NYK,Knicks,108,HOU,Rockets,106
0022500815,2026-02-21,SAS,Spurs,139,SAC,Kings,122
0022500814,2026-02-21,CHI,Bulls,110,DET,Pistons,126
0022500813,2026-02-21,MIA,Heat,136,MEM,Grizzlies,120
0022500812,2026-02-21,NOP,Pelicans,126,PHI,76ers,111
0022500811,2026-02-21,PHX,Suns,113,ORL,Magic,110
0022500806,2026-02-20,MIN,Timberwolves,122,DAL,Mavericks,111
0022500802,2026-02-20,CHA,Hornets,113,CLE,Cavaliers,118
0022500803,2026-02-20,WAS,Wizards,131,IND,Pacers,118
0022500804,2026-02-20,MEM,Grizzlies,123,UTA,Jazz,114
0022500805,2026-02-20,ATL,Hawks,97,MIA,Heat,128
0022500810,2026-02-20,POR,Trail Blazers,103,DEN,Nuggets,157
0022500807,2026-02-20,NOP,Pelicans,118,MIL,Bucks,139
0022500808,2026-02-20,OKC,Thunder,105,BKN,Nets,86
0022500809,2026-02-20,LAL,Lakers,125,LAC,Clippers,122
0022500797,2026-02-19,CHI,Bulls,101,TOR,Raptors,110
0022500792,2026-02-19,CHA,Hornets,101,HOU,Rockets,105
0022500794,2026-02-19,PHI,76ers,107,ATL,Hawks,117
0022500795,2026-02-19,WAS,Wizards,112,IND,Pacers,105
0022500796,2026-02-19,NYK,Knicks,111,DET,Pistons,126
0022500793,2026-02-19,CLE,Cavaliers,112,BKN,Nets,84
0022500798,2026-02-19,SAS,Spurs,121,PHX,Suns,94
0022500800,2026-02-19,SAC,Kings,94,ORL,Magic,131
0022500799,2026-02-19,GSW,Warriors,110,BOS,Celtics,121
0022500801,2026-02-19,LAC,Clippers,115,DEN,Nuggets,114
0032500041,2026-02-15,STP,Stripes,21,STR,Stars,47
0032500031,2026-02-15,STP,Stripes,48,WLD,World,45
0032500021,2026-02-15,STP,Stripes,42,STR,Stars,40
0032500011,2026-02-15,STR,Stars,37,WLD,World,35
0032500004,2026-02-13,MEL,Team Melo,40,AUS,Team Austin,34
0032500005,2026-02-13,TMC,Team T-Mac,36,VIN,Team Vince,41
0032500006,2026-02-13,MEL,Team Melo,24,VIN,Team Vince,25
0022500791,2026-02-12,LAL,Lakers,124,DAL,Mavericks,104
0022500790,2026-02-12,UTA,Jazz,119,POR,Trail Blazers,135
0022500789,2026-02-12,OKC,Thunder,93,MIL,Bucks,110
0022500781,2026-02-11,TOR,Raptors,95,DET,Pistons,113
0022500775,2026-02-11,CHA,Hornets,110,ATL,Hawks,107
0022500776,2026-02-11,CLE,Cavaliers,138,WAS,Wizards,113
0022500777,2026-02-11,ORL,Magic,108,MIL,Bucks,116
0022500778,2026-02-11,BOS,Celtics,124,CHI,Bulls,105
0022500779,2026-02-11,BKN,Nets,110,IND,Pacers,115
0022500780,2026-02-11,PHI,76ers,89,NYK,Knicks,138
0022500785,2026-02-11,PHX,Suns,109,OKC,Thunder,136
0022500782,2026-02-11,HOU,Rockets,102,LAC,Clippers,105
0022500783,2026-02-11,MIN,Timberwolves,133,POR,Trail Blazers,109
0022500784,2026-02-11,NOP,Pelicans,111,MIA,Heat,123
0022500786,2026-02-11,UTA,Jazz,121,SAC,Kings,93
0022500787,2026-02-11,DEN,Nuggets,122,MEM,Grizzlies,116
0022500788,2026-02-11,GSW,Warriors,113,SAS,Spurs,126
0022500774,2026-02-10,LAL,Lakers,108,SAS,Spurs,136
0022500773,2026-02-10,PHX,Suns,120,DAL,Mavericks,111
0022500772,2026-02-10,HOU,Rockets,102,LAC,Clippers,95
0022500771,2026-02-10,NYK,Knicks,134,IND,Pacers,137
0022500766,2026-02-09,NOP,Pelicans,120,SAC,Kings,94
0022500761,2026-02-09,CHA,Hornets,104,DET,Pistons,110
0022500763,2026-02-09,MIA,Heat,111,UTA,Jazz,115
0022500764,2026-02-09,ORL,Magic,118,MIL,Bucks,99
0022500765,2026-02-09,MIN,Timberwolves,138,ATL,Hawks,116
0022500762,2026-02-09,BKN,Nets,123,CHI,Bulls,115
0022500767,2026-02-09,DEN,Nuggets,117,CLE,Cavaliers,119
0022500770,2026-02-09,POR,Trail Blazers,135,PHI,76ers,118
0022500768,2026-02-09,GSW,Warriors,114,MEM,Grizzlies,113
0022500769,2026-02-09,LAL,Lakers,110,OKC,Thunder,119
0022500760,2026-02-08,MIN,Timberwolves,96,LAC,Clippers,115
0022500759,2026-02-08,TOR,Raptors,122,IND,Pacers,104
0022500758,2026-02-08,WAS,Wizards,101,MIA,Heat,132
0022500757,2026-02-08,BOS,Celtics,89,NYK,Knicks,111
0022500751,2026-02-07,ATL,Hawks,119,CHA,Hornets,126
0022500747,2026-02-07,BKN,Nets,127,WAS,Wizards,113
0022500748,2026-02-07,OKC,Thunder,106,HOU,Rockets,112
0022500749,2026-02-07,SAS,Spurs,138,DAL,Mavericks,125
0022500750,2026-02-07,ORL,Magic,120,UTA,Jazz,117
0022500753,2026-02-07,LAL,Lakers,105,GSW,Warriors,99
0022500752,2026-02-07,CHI,Bulls,120,DEN,Nuggets,136
0022500754,2026-02-07,PHX,Suns,103,PHI,76ers,109
0022500756,2026-02-07,SAC,Kings,126,CLE,Cavaliers,132
0022500755,2026-02-07,POR,Trail Blazers,122,MEM,Grizzlies,115
0022500741,2026-02-06,BOS,Celtics,98,MIA,Heat,96
0022500744,2026-02-06,MIN,Timberwolves,115,NOP,Pelicans,119
0022500742,2026-02-06,DET,Pistons,118,NYK,Knicks,80
0022500743,2026-02-06,MIL,Bucks,105,IND,Pacers,99
0022500745,2026-02-06,POR,Trail Blazers,135,MEM,Grizzlies,115
0022500746,2026-02-06,SAC,Kings,111,LAC,Clippers,114
0022500740,2026-02-05,LAL,Lakers,119,PHI,76ers,115
0022500739,2026-02-05,PHX,Suns,97,GSW,Warriors,101
0022500738,2026-02-05,DAL,Mavericks,123,SAS,Spurs,135
0022500737,2026-02-05,HOU,Rockets,99,CHA,Hornets,109
0022500736,2026-02-05,TOR,Raptors,123,CHI,Bulls,107
0022500735,2026-02-05,ATL,Hawks,121,UTA,Jazz,119
0022500734,2026-02-05,ORL,Magic,118,BKN,Nets,98
0022500733,2026-02-05,DET,Pistons,117,WAS,Wizards,126
0022500729,2026-02-04,MIL,Bucks,141,NOP,Pelicans,137
0022500726,2026-02-04,NYK,Knicks,134,DEN,Nuggets,127
0022500727,2026-02-04,TOR,Raptors,126,MIN,Timberwolves,128
0022500728,2026-02-04,HOU,Rockets,93,BOS,Celtics,114
0022500732,2026-02-04,LAC,Clippers,91,CLE,Cavaliers,124
0022500730,2026-02-04,SAS,Spurs,116,OKC,Thunder,106
0022500731,2026-02-04,SAC,Kings,125,MEM,Grizzlies,129
0022500721,2026-02-03,DAL,Mavericks,100,BOS,Celtics,110
0022500717,2026-02-03,IND,Pacers,122,UTA,Jazz,131
0022500716,2026-02-03,DET,Pistons,124,DEN,Nuggets,121
0022500719,2026-02-03,BKN,Nets,109,LAL,Lakers,125
0022500720,2026-02-03,MIA,Heat,115,ATL,Hawks,127
0022500718,2026-02-03,WAS,Wizards,101,NYK,Knicks,132
0022500722,2026-02-03,MIL,Bucks,131,CHI,Bulls,115
0022500724,2026-02-03,GSW,Warriors,94,PHI,76ers,113
0022500725,2026-02-03,POR,Trail Blazers,125,PHX,Suns,130
0022500723,2026-02-03,OKC,Thunder,128,ORL,Magic,92
0022500715,2026-02-02,LAC,Clippers,113,PHI,76ers,128
0022500714,2026-02-02,MEM,Grizzlies,137,MIN,Timberwolves,128
0022500713,2026-02-02,IND,Pacers,114,HOU,Rockets,118
0022500712,2026-02-02,CHA,Hornets,102,NOP,Pelicans,95
0022500707,2026-02-01,WAS,Wizards,116,SAC,Kings,112
0022500703,2026-02-01,SAS,Spurs,112,ORL,Magic,103
0022500704,2026-02-01,DET,Pistons,130,BKN,Nets,77
0022500705,2026-02-01,MIA,Heat,134,CHI,Bulls,91
0022500706,2026-02-01,TOR,Raptors,107,UTA,Jazz,100
0022500702,2026-02-01,BOS,Celtics,107,MIL,Bucks,79
0022500708,2026-02-01,NYK,Knicks,112,LAL,Lakers,100
0022500710,2026-02-01,POR,Trail Blazers,111,CLE,Cavaliers,130
0022500711,2026-02-01,DEN,Nuggets,111,OKC,Thunder,121
0022500709,2026-02-01,PHX,Suns,93,LAC,Clippers,117
0022500701,2026-01-31,HOU,Rockets,111,DAL,Mavericks,107
0022500700,2026-01-31,MEM,Grizzlies,114,MIN,Timberwolves,131
0022500699,2026-01-31,PHI,76ers,124,NOP,Pelicans,114
0022500698,2026-01-31,IND,Pacers,129,ATL,Hawks,124
0022500697,2026-01-31,CHA,Hornets,111,SAS,Spurs,106
0022500692,2026-01-31,MIA,Heat,118,CHI,Bulls,125
0022500691,2026-01-30,NOP,Pelicans,114,MEM,Grizzlies,106
0022500687,2026-01-30,ORL,Magic,130,TOR,Raptors,120
0022500688,2026-01-30,WAS,Wizards,111,LAL,Lakers,142
0022500689,2026-01-30,BOS,Celtics,112,SAC,Kings,93
0022500690,2026-01-30,NYK,Knicks,127,POR,Trail Blazers,97
0022500696,2026-01-30,GSW,Warriors,124,DET,Pistons,131
0022500693,2026-01-30,PHX,Suns,126,CLE,Cavaliers,113
0022500694,2026-01-30,UTA,Jazz,99,BKN,Nets,109
0022500695,2026-01-30,DEN,Nuggets,122,LAC,Clippers,109
0022500683,2026-01-29,DAL,Mavericks,121,CHA,Hornets,123
0022500529,2026-01-29,CHI,Bulls,113,MIA,Heat,116
0022500681,2026-01-29,WAS,Wizards,109,MIL,Bucks,99
0022500682,2026-01-29,ATL,Hawks,86,HOU,Rockets,104
0022500680,2026-01-29,PHI,76ers,113,SAC,Kings,111
0022500684,2026-01-29,DEN,Nuggets,107,BKN,Nets,103
0022500685,2026-01-29,PHX,Suns,114,DET,Pistons,96
0022500686,2026-01-29,MIN,Timberwolves,123,OKC,Thunder,111
0022500675,2026-01-28,TOR,Raptors,92,NYK,Knicks,119
0022500671,2026-01-28,CLE,Cavaliers,129,LAL,Lakers,99
0022500673,2026-01-28,BOS,Celtics,106,ATL,Hawks,117
0022500674,2026-01-28,MIA,Heat,124,ORL,Magic,133
0022500672,2026-01-28,IND,Pacers,113,CHI,Bulls,110
0022500676,2026-01-28,MEM,Grizzlies,97,CHA,Hornets,112
0022500677,2026-01-28,DAL,Mavericks,105,MIN,Timberwolves,118
0022500678,2026-01-28,UTA,Jazz,124,GSW,Warriors,140
0022500679,2026-01-28,HOU,Rockets,99,SAS,Spurs,111
0022500670,2026-01-27,UTA,Jazz,103,LAC,Clippers,115
0022500669,2026-01-27,PHX,Suns,106,BKN,Nets,102
0022500668,2026-01-27,DEN,Nuggets,107,DET,Pistons,109
0022500667,2026-01-27,OKC,Thunder,104,NOP,Pelicans,95
0022500666,2026-01-27,PHI,76ers,139,MIL,Bucks,122
0022500665,2026-01-27,NYK,Knicks,103,SAC,Kings,87
0022500664,2026-01-27,WAS,Wizards,115,POR,Trail Blazers,111
0022500660,2026-01-26,BOS,Celtics,102,POR,Trail Blazers,94
0022500658,2026-01-26,CLE,Cavaliers,114,ORL,Magic,98
0022500657,2026-01-26,CHA,Hornets,130,PHI,76ers,93
0022500659,2026-01-26,ATL,Hawks,132,IND,Pacers,116
0022500662,2026-01-26,HOU,Rockets,108,MEM,Grizzlies,99
0022500661,2026-01-26,CHI,Bulls,118,LAL,Lakers,129
0022500663,2026-01-26,MIN,Timberwolves,108,GSW,Warriors,83
0022500656,2026-01-25,LAC,Clippers,126,BKN,Nets,89
0022500655,2026-01-25,PHX,Suns,102,MIA,Heat,111
0022500654,2026-01-25,SAS,Spurs,95,NOP,Pelicans,104
0022500653,2026-01-25,OKC,Thunder,101,TOR,Raptors,103
0022500650,2026-01-25,DET,Pistons,139,SAC,Kings,116
0022500644,2026-01-25,MIN,Timberwolves,85,GSW,Warriors,111
0022500646,2026-01-24,ORL,Magic,105,CLE,Cavaliers,119
0022500643,2026-01-24,PHI,76ers,109,NYK,Knicks,112
0022500645,2026-01-24,CHA,Hornets,119,WAS,Wizards,115
0022500649,2026-01-24,UTA,Jazz,116,MIA,Heat,147
0022500647,2026-01-24,CHI,Bulls,114,BOS,Celtics,111
0022500648,2026-01-24,DAL,Mavericks,110,LAL,Lakers,116
0022500639,2026-01-23,MEM,Grizzlies,127,NOP,Pelicans,133
0022500636,2026-01-23,ATL,Hawks,110,PHX,Suns,103
0022500635,2026-01-23,DET,Pistons,104,HOU,Rockets,111
0022500638,2026-01-23,CLE,Cavaliers,123,SAC,Kings,118
0022500637,2026-01-23,BKN,Nets,126,BOS,Celtics,130
0022500640,2026-01-23,MIL,Bucks,100,DEN,Nuggets,102
0022500642,2026-01-23,POR,Trail Blazers,98,TOR,Raptors,110
0022500641,2026-01-23,OKC,Thunder,114,IND,Pacers,117
0022500631,2026-01-22,MIN,Timberwolves,115,CHI,Bulls,120
0022500627,2026-01-22,ORL,Magic,97,CHA,Hornets,124
0022500629,2026-01-22,WAS,Wizards,97,DEN,Nuggets,107
0022500630,2026-01-22,DAL,Mavericks,123,GSW,Warriors,115
0022500628,2026-01-22,PHI,76ers,128,HOU,Rockets,122
0022500632,2026-01-22,UTA,Jazz,109,SAS,Spurs,126
0022500633,2026-01-22,LAC,Clippers,112,LAL,Lakers,104
0022500634,2026-01-22,POR,Trail Blazers,127,MIA,Heat,110
0022500626,2026-01-21,SAC,Kings,109,TOR,Raptors,122
0022500625,2026-01-21,MIL,Bucks,102,OKC,Thunder,122
0022500624,2026-01-21,NOP,Pelicans,104,DET,Pistons,112
0022500623,2026-01-21,MEM,Grizzlies,122,ATL,Hawks,124
0022500622,2026-01-21,NYK,Knicks,120,BKN,Nets,66
0022500621,2026-01-21,BOS,Celtics,119,IND,Pacers,104
0022500620,2026-01-21,CHA,Hornets,87,CLE,Cavaliers,94
0022500615,2026-01-20,HOU,Rockets,111,SAS,Spurs,106
0022500613,2026-01-20,PHI,76ers,110,PHX,Suns,116
0022500614,2026-01-20,CHI,Bulls,138,LAC,Clippers,110
0022500616,2026-01-20,UTA,Jazz,127,MIN,Timberwolves,122
0022500618,2026-01-20,GSW,Warriors,127,TOR,Raptors,145
0022500619,2026-01-20,SAC,Kings,117,MIA,Heat,130
0022500617,2026-01-20,DEN,Nuggets,107,LAL,Lakers,115
0022500015,2026-01-19,CLE,Cavaliers,104,OKC,Thunder,136
0022500608,2026-01-19,WAS,Wizards,106,LAC,Clippers,110
0022500014,2026-01-19,ATL,Hawks,110,MIL,Bucks,112
0022500017,2026-01-19,DET,Pistons,104,BOS,Celtics,103
0022500016,2026-01-19,NYK,Knicks,97,DAL,Mavericks,114
0022500609,2026-01-19,PHI,76ers,113,IND,Pacers,104
0022500610,2026-01-19,BKN,Nets,117,PHX,Suns,126
0022500611,2026-01-19,SAS,Spurs,123,UTA,Jazz,110
0022500612,2026-01-19,GSW,Warriors,135,MIA,Heat,112
0022500607,2026-01-18,LAL,Lakers,110,TOR,Raptors,93
0022500606,2026-01-18,SAC,Kings,110,POR,Trail Blazers,117
0022500605,2026-01-18,DEN,Nuggets,87,CHA,Hornets,110
0022500604,2026-01-18,HOU,Rockets,119,NOP,Pelicans,110
0022500603,2026-01-18,CHI,Bulls,124,BKN,Nets,102
0022500602,2026-01-18,MEM,Grizzlies,126,ORL,Magic,109
0022500594,2026-01-17,ATL,Hawks,106,BOS,Celtics,132
0022500595,2026-01-17,DET,Pistons,121,IND,Pacers,78
0022500597,2026-01-17,MIA,Heat,122,OKC,Thunder,120
0022500593,2026-01-17,DAL,Mavericks,138,UTA,Jazz,120
0022500596,2026-01-17,NYK,Knicks,99,PHX,Suns,106
0022500601,2026-01-17,POR,Trail Blazers,132,LAL,Lakers,116
0022500598,2026-01-17,SAS,Spurs,126,MIN,Timberwolves,123
0022500600,2026-01-17,DEN,Nuggets,121,WAS,Wizards,115
0022500599,2026-01-17,GSW,Warriors,136,CHA,Hornets,116
0022500592,2026-01-16,SAC,Kings,128,WAS,Wizards,115
0022500591,2026-01-16,HOU,Rockets,110,MIN,Timberwolves,105
0022500590,2026-01-16,TOR,Raptors,117,LAC,Clippers,121
0022500589,2026-01-16,PHI,76ers,115,CLE,Cavaliers,117
0022500588,2026-01-16,IND,Pacers,127,NOP,Pelicans,119
0022500587,2026-01-16,BKN,Nets,112,CHI,Bulls,109
0022500582,2026-01-15,SAS,Spurs,119,MIL,Bucks,101
0022500579,2026-01-15,DET,Pistons,108,PHX,Suns,105
0022500580,2026-01-15,MIA,Heat,114,BOS,Celtics,119
0022500581,2026-01-15,HOU,Rockets,91,OKC,Thunder,111
0022500578,2026-01-15,ORL,Magic,118,MEM,Grizzlies,111
0022500583,2026-01-15,DAL,Mavericks,144,UTA,Jazz,122
0022500585,2026-01-15,POR,Trail Blazers,117,ATL,Hawks,101
0022500586,2026-01-15,LAL,Lakers,117,CHA,Hornets,135
0022500584,2026-01-15,GSW,Warriors,126,NYK,Knicks,113
0022500574,2026-01-14,NOP,Pelicans,116,BKN,Nets,113
0022500572,2026-01-14,PHI,76ers,107,CLE,Cavaliers,133
0022500573,2026-01-14,CHI,Bulls,128,UTA,Jazz,126
0022500571,2026-01-14,IND,Pacers,101,TOR,Raptors,115
0022500575,2026-01-14,DAL,Mavericks,109,DEN,Nuggets,118
0022500576,2026-01-14,SAC,Kings,112,NYK,Knicks,101
0022500577,2026-01-14,LAC,Clippers,119,WAS,Wizards,105
0022500570,2026-01-13,GSW,Warriors,119,POR,Trail Blazers,97
0022500569,2026-01-13,LAL,Lakers,141,ATL,Hawks,116
0022500568,2026-01-13,OKC,Thunder,119,SAS,Spurs,98
0022500567,2026-01-13,NOP,Pelicans,116,DEN,Nuggets,122
0022500566,2026-01-13,MIL,Bucks,106,MIN,Timberwolves,139
0022500565,2026-01-13,HOU,Rockets,119,CHI,Bulls,113
0022500564,2026-01-13,MIA,Heat,127,PHX,Suns,121
0022500559,2026-01-12,IND,Pacers,98,BOS,Celtics,96
0022500563,2026-01-12,LAC,Clippers,117,CHA,Hornets,109
0022500562,2026-01-12,SAC,Kings,124,LAL,Lakers,112
0022500561,2026-01-12,DAL,Mavericks,113,BKN,Nets,105
0022500560,2026-01-12,TOR,Raptors,102,PHI,76ers,115
0022500558,2026-01-12,CLE,Cavaliers,112,UTA,Jazz,123
0022500557,2026-01-11,SAC,Kings,111,HOU,Rockets,98
0022500552,2026-01-11,MIN,Timberwolves,104,SAS,Spurs,103
0022500549,2026-01-11,MEM,Grizzlies,103,BKN,Nets,98
0022500550,2026-01-11,TOR,Raptors,116,PHI,76ers,115
0022500551,2026-01-11,POR,Trail Blazers,114,NYK,Knicks,123
0022500548,2026-01-11,ORL,Magic,128,NOP,Pelicans,118
0022500553,2026-01-11,OKC,Thunder,124,MIA,Heat,112
0022500554,2026-01-11,DEN,Nuggets,108,MIL,Bucks,104
0022500555,2026-01-11,PHX,Suns,112,WAS,Wizards,93
0022500556,2026-01-11,GSW,Warriors,111,ATL,Hawks,124
0022500547,2026-01-10,UTA,Jazz,95,CHA,Hornets,150
0022500546,2026-01-10,CHI,Bulls,125,DAL,Mavericks,107
0022500545,2026-01-10,BOS,Celtics,95,SAS,Spurs,100
0022500544,2026-01-10,DET,Pistons,92,LAC,Clippers,98
0022500543,2026-01-10,IND,Pacers,123,MIA,Heat,99
0022500542,2026-01-10,CLE,Cavaliers,146,MIN,Timberwolves,134
0022500536,2026-01-09,MEM,Grizzlies,116,OKC,Thunder,117
0022500532,2026-01-09,BOS,Celtics,125,TOR,Raptors,117
0022500533,2026-01-09,ORL,Magic,91,PHI,76ers,103
0022500534,2026-01-09,WAS,Wizards,107,NOP,Pelicans,128
0022500535,2026-01-09,BKN,Nets,105,LAC,Clippers,121
0022500541,2026-01-09,LAL,Lakers,101,MIL,Bucks,105
0022500537,2026-01-09,DEN,Nuggets,87,ATL,Hawks,110
0022500538,2026-01-09,PHX,Suns,112,NYK,Knicks,107
0022500539,2026-01-09,GSW,Warriors,137,SAC,Kings,103
0022500540,2026-01-09,POR,Trail Blazers,111,HOU,Rockets,105
0022500531,2026-01-08,UTA,Jazz,116,DAL,Mavericks,114
0022500530,2026-01-08,MIN,Timberwolves,131,CLE,Cavaliers,122
0022500528,2026-01-08,CHA,Hornets,112,IND,Pacers,114
0022500522,2026-01-07,NYK,Knicks,123,LAC,Clippers,111
0022500516,2026-01-07,CHA,Hornets,96,TOR,Raptors,97
0022500517,2026-01-07,DET,Pistons,108,CHI,Bulls,93
0022500518,2026-01-07,PHI,76ers,131,WAS,Wizards,110
0022500520,2026-01-07,BOS,Celtics,110,DEN,Nuggets,114
0022500519,2026-01-07,ATL,Hawks,117,NOP,Pelicans,100
0022500523,2026-01-07,SAS,Spurs,107,LAL,Lakers,91
0022500525,2026-01-07,OKC,Thunder,129,UTA,Jazz,125
0022500527,2026-01-07,POR,Trail Blazers,103,HOU,Rockets,102
0022500526,2026-01-07,GSW,Warriors,120,MIL,Bucks,113
0022500521,2026-01-07,BKN,Nets,103,ORL,Magic,104
0022500524,2026-01-07,MEM,Grizzlies,98,PHX,Suns,117
0022500515,2026-01-06,SAC,Kings,98,DAL,Mavericks,100
0022500514,2026-01-06,NOP,Pelicans,103,LAL,Lakers,111
0022500513,2026-01-06,MIN,Timberwolves,122,MIA,Heat,94
0022500512,2026-01-06,MEM,Grizzlies,106,SAS,Spurs,105
0022500511,2026-01-06,WAS,Wizards,120,ORL,Magic,112
0022500510,2026-01-06,IND,Pacers,116,CLE,Cavaliers,120
0022500503,2026-01-05,BOS,Celtics,115,CHI,Bulls,101
0022500505,2026-01-05,HOU,Rockets,100,PHX,Suns,97
0022500502,2026-01-05,DET,Pistons,121,NYK,Knicks,90
0022500504,2026-01-05,TOR,Raptors,118,ATL,Hawks,100
0022500508,2026-01-05,LAC,Clippers,103,GSW,Warriors,102
0022500506,2026-01-05,OKC,Thunder,97,CHA,Hornets,124
0022500507,2026-01-05,PHI,76ers,124,DEN,Nuggets,125
0022500509,2026-01-05,POR,Trail Blazers,137,UTA,Jazz,117
0022500494,2026-01-04,CLE,Cavaliers,110,DET,Pistons,114
0022500497,2026-01-04,MIA,Heat,125,NOP,Pelicans,106
0022500495,2026-01-04,ORL,Magic,135,IND,Pacers,127
0022500496,2026-01-04,BKN,Nets,127,DEN,Nuggets,115
0022500501,2026-01-04,LAL,Lakers,120,MEM,Grizzlies,114
0022500498,2026-01-04,WAS,Wizards,115,MIN,Timberwolves,141
0022500499,2026-01-04,PHX,Suns,108,OKC,Thunder,105
0022500500,2026-01-04,SAC,Kings,98,MIL,Bucks,115
0022500493,2026-01-03,LAC,Clippers,115,BOS,Celtics,146
0022500492,2026-01-03,GSW,Warriors,123,UTA,Jazz,114
0022500491,2026-01-03,DAL,Mavericks,110,HOU,Rockets,104
0022500490,2026-01-03,SAS,Spurs,110,POR,Trail Blazers,115
0022500489,2026-01-03,CHI,Bulls,99,CHA,Hornets,112
0022500488,2026-01-03,TOR,Raptors,134,ATL,Hawks,117
0022500487,2026-01-03,NYK,Knicks,119,PHI,76ers,130
0022500486,2026-01-03,MIA,Heat,115,MIN,Timberwolves,125
0022500478,2026-01-02,CLE,Cavaliers,113,DEN,Nuggets,108
0022500479,2026-01-02,NYK,Knicks,99,ATL,Hawks,111
0022500476,2026-01-02,IND,Pacers,113,SAS,Spurs,123
0022500481,2026-01-02,MIL,Bucks,122,CHA,Hornets,121
0022500480,2026-01-02,CHI,Bulls,121,ORL,Magic,114
0022500477,2026-01-02,WAS,Wizards,119,BKN,Nets,99
0022500482,2026-01-02,NOP,Pelicans,109,POR,Trail Blazers,122
0022500484,2026-01-02,GSW,Warriors,94,OKC,Thunder,131
0022500483,2026-01-02,PHX,Suns,129,SAC,Kings,102
0022500485,2026-01-02,LAL,Lakers,128,MEM,Grizzlies,121
0022500475,2026-01-01,LAC,Clippers,118,UTA,Jazz,101
0022500474,2026-01-01,SAC,Kings,106,BOS,Celtics,120
0022500473,2026-01-01,DAL,Mavericks,108,PHI,76ers,123
0022500472,2026-01-01,DET,Pistons,112,MIA,Heat,118
0022500471,2026-01-01,BKN,Nets,96,HOU,Rockets,120
0022500466,2025-12-31,CHI,Bulls,134,NOP,Pelicans,118
0022500462,2025-12-31,CHA,Hornets,125,GSW,Warriors,132
0022500463,2025-12-31,ATL,Hawks,126,MIN,Timberwolves,102
0022500464,2025-12-31,IND,Pacers,110,ORL,Magic,112
0022500465,2025-12-31,CLE,Cavaliers,129,PHX,Suns,113
0022500470,2025-12-31,OKC,Thunder,124,POR,Trail Blazers,95
0022500467,2025-12-31,SAS,Spurs,134,NYK,Knicks,132
0022500468,2025-12-31,TOR,Raptors,103,DEN,Nuggets,106
0022500469,2025-12-31,MIL,Bucks,113,WAS,Wizards,114
0022500460,2025-12-30,LAL,Lakers,106,DET,Pistons,128
0022500459,2025-12-30,UTA,Jazz,119,BOS,Celtics,129
0022500458,2025-12-30,MEM,Grizzlies,136,PHI,76ers,139
0022500461,2025-12-30,LAC,Clippers,131,SAC,Kings,90
0022500452,2025-12-29,CHI,Bulls,101,MIN,Timberwolves,136
0022500447,2025-12-29,CHA,Hornets,113,MIL,Bucks,123
0022500449,2025-12-29,BKN,Nets,107,GSW,Warriors,120
0022500450,2025-12-29,MIA,Heat,147,DEN,Nuggets,123
0022500451,2025-12-29,TOR,Raptors,107,ORL,Magic,106
0022500448,2025-12-29,WAS,Wizards,101,PHX,Suns,115
0022500453,2025-12-29,HOU,Rockets,126,IND,Pacers,119
0022500454,2025-12-29,NOP,Pelicans,125,NYK,Knicks,130
0022500455,2025-12-29,OKC,Thunder,140,ATL,Hawks,129
0022500456,2025-12-29,SAS,Spurs,101,CLE,Cavaliers,113
0022500457,2025-12-29,POR,Trail Blazers,125,DAL,Mavericks,122
0022500446,2025-12-28,LAL,Lakers,125,SAC,Kings,101
0022500445,2025-12-28,LAC,Clippers,112,DET,Pistons,99
0022500444,2025-12-28,POR,Trail Blazers,114,BOS,Celtics,108
0022500443,2025-12-28,WAS,Wizards,116,MEM,Grizzlies,112
0022500442,2025-12-28,OKC,Thunder,129,PHI,76ers,104
0022500441,2025-12-28,TOR,Raptors,141,GSW,Warriors,127
0022500436,2025-12-27,MIA,Heat,142,IND,Pacers,116
0022500433,2025-12-27,ORL,Magic,127,DEN,Nuggets,126
0022500434,2025-12-27,NOP,Pelicans,114,PHX,Suns,123
0022500432,2025-12-27,SAC,Kings,113,DAL,Mavericks,107
0022500435,2025-12-27,ATL,Hawks,125,NYK,Knicks,128
0022500438,2025-12-27,HOU,Rockets,117,CLE,Cavaliers,100
0022500437,2025-12-27,CHI,Bulls,103,MIL,Bucks,112
0022500440,2025-12-27,SAS,Spurs,114,UTA,Jazz,127
0022500439,2025-12-27,MIN,Timberwolves,107,BKN,Nets,123
0022500427,2025-12-26,CHI,Bulls,109,PHI,76ers,102
0022500424,2025-12-26,ORL,Magic,105,CHA,Hornets,120
0022500425,2025-12-26,WAS,Wizards,138,TOR,Raptors,117
0022500426,2025-12-26,IND,Pacers,122,BOS,Celtics,140
0022500423,2025-12-26,ATL,Hawks,111,MIA,Heat,126
0022500428,2025-12-26,MEM,Grizzlies,125,MIL,Bucks,104
0022500429,2025-12-26,NOP,Pelicans,108,PHX,Suns,115
0022500430,2025-12-26,UTA,Jazz,131,DET,Pistons,129
0022500431,2025-12-26,POR,Trail Blazers,103,LAC,Clippers,119
0022500013,2025-12-25,DEN,Nuggets,142,MIN,Timberwolves,138
0022500012,2025-12-25,LAL,Lakers,96,HOU,Rockets,119
0022500011,2025-12-25,GSW,Warriors,126,DAL,Mavericks,116
0022500010,2025-12-25,OKC,Thunder,102,SAS,Spurs,117
0022500009,2025-12-25,NYK,Knicks,126,CLE,Cavaliers,124
0022500415,2025-12-23,DAL,Mavericks,131,DEN,Nuggets,130
0022500410,2025-12-23,PHI,76ers,106,BKN,Nets,114
0022500409,2025-12-23,CHA,Hornets,126,WAS,Wizards,109
0022500411,2025-12-23,ATL,Hawks,123,CHI,Bulls,126
0022500412,2025-12-23,CLE,Cavaliers,141,NOP,Pelicans,118
0022500413,2025-12-23,IND,Pacers,94,MIL,Bucks,111
0022500414,2025-12-23,MIA,Heat,91,TOR,Raptors,112
0022500421,2025-12-23,SAC,Kings,127,DET,Pistons,136
0022500416,2025-12-23,MIN,Timberwolves,115,NYK,Knicks,104
0022500417,2025-12-23,SAS,Spurs,130,OKC,Thunder,110
0022500418,2025-12-23,PHX,Suns,132,LAL,Lakers,108
0022500419,2025-12-23,UTA,Jazz,128,MEM,Grizzlies,137
0022500420,2025-12-23,POR,Trail Blazers,106,ORL,Magic,110
0022500422,2025-12-23,LAC,Clippers,128,HOU,Rockets,108
0022500408,2025-12-22,POR,Trail Blazers,102,DET,Pistons,110
0022500407,2025-12-22,GSW,Warriors,120,ORL,Magic,97
0022500406,2025-12-22,OKC,Thunder,119,MEM,Grizzlies,103
0022500405,2025-12-22,DEN,Nuggets,135,UTA,Jazz,112
0022500404,2025-12-22,NOP,Pelicans,119,DAL,Mavericks,113
0022500403,2025-12-22,BOS,Celtics,103,IND,Pacers,95
0022500402,2025-12-22,CLE,Cavaliers,139,CHA,Hornets,132
0022500396,2025-12-21,ATL,Hawks,150,CHI,Bulls,152
0022500398,2025-12-21,NYK,Knicks,132,MIA,Heat,125
0022500397,2025-12-21,BKN,Nets,96,TOR,Raptors,81
0022500400,2025-12-21,MIN,Timberwolves,103,MIL,Bucks,100
0022500399,2025-12-21,WAS,Wizards,113,SAS,Spurs,124
0022500401,2025-12-21,SAC,Kings,125,HOU,Rockets,124
0022500391,2025-12-20,MEM,Grizzlies,122,WAS,Wizards,130
0022500386,2025-12-20,DEN,Nuggets,101,HOU,Rockets,115
0022500388,2025-12-20,TOR,Raptors,96,BOS,Celtics,112
0022500389,2025-12-20,NOP,Pelicans,128,IND,Pacers,109
0022500390,2025-12-20,DET,Pistons,112,CHA,Hornets,86
0022500387,2025-12-20,PHI,76ers,121,DAL,Mavericks,114
0022500392,2025-12-20,GSW,Warriors,119,PHX,Suns,116
0022500393,2025-12-20,UTA,Jazz,127,ORL,Magic,128
0022500394,2025-12-20,SAC,Kings,93,POR,Trail Blazers,98
0022500395,2025-12-20,LAC,Clippers,103,LAL,Lakers,88
0022500385,2025-12-19,MIN,Timberwolves,112,OKC,Thunder,107
0022500384,2025-12-19,CLE,Cavaliers,125,CHI,Bulls,136
0022500383,2025-12-19,ATL,Hawks,98,SAS,Spurs,126
0022500382,2025-12-19,NYK,Knicks,107,PHI,76ers,116
0022500381,2025-12-19,BOS,Celtics,129,MIA,Heat,116
0022500374,2025-12-18,MIL,Bucks,105,TOR,Raptors,111
0022500369,2025-12-18,OKC,Thunder,122,LAC,Clippers,101
0022500370,2025-12-18,SAS,Spurs,119,WAS,Wizards,94
0022500371,2025-12-18,CHA,Hornets,133,ATL,Hawks,126
0022500372,2025-12-18,IND,Pacers,113,NYK,Knicks,114
0022500373,2025-12-18,BKN,Nets,95,MIA,Heat,106
0022500378,2025-12-18,PHX,Suns,99,GSW,Warriors,98
0022500375,2025-12-18,NOP,Pelicans,133,HOU,Rockets,128
0022500377,2025-12-18,DEN,Nuggets,126,ORL,Magic,115
0022500376,2025-12-18,DAL,Mavericks,116,DET,Pistons,114
0022500379,2025-12-18,UTA,Jazz,135,LAL,Lakers,143
0022500380,2025-12-18,POR,Trail Blazers,134,SAC,Kings,133
0022500367,2025-12-17,CHI,Bulls,127,CLE,Cavaliers,111
0022500368,2025-12-17,MIN,Timberwolves,110,MEM,Grizzlies,116
0062500001,2025-12-16,NYK,Knicks,124,SAS,Spurs,113
0022501227,2025-12-15,MIA,Heat,96,TOR,Raptors,106
0022501226,2025-12-15,LAC,Clippers,103,MEM,Grizzlies,121
0022501225,2025-12-15,DEN,Nuggets,128,HOU,Rockets,125
0022501224,2025-12-15,UTA,Jazz,140,DAL,Mavericks,133
0022501222,2025-12-15,BOS,Celtics,105,DET,Pistons,112
0022501220,2025-12-14,MIN,Timberwolves,117,SAC,Kings,103
0022501216,2025-12-14,IND,Pacers,89,WAS,Wizards,108
0022501217,2025-12-14,ATL,Hawks,120,PHI,76ers,117
0022501218,2025-12-14,CLE,Cavaliers,111,CHA,Hornets,119
0022501219,2025-12-14,BKN,Nets,127,MIL,Bucks,82
0022501221,2025-12-14,POR,Trail Blazers,136,GSW,Warriors,131
0022501223,2025-12-14,CHI,Bulls,104,NOP,Pelicans,114
0022501228,2025-12-14,PHX,Suns,114,LAL,Lakers,116
0022501230,2025-12-13,OKC,Thunder,109,SAS,Spurs,111
0022501229,2025-12-13,ORL,Magic,120,NYK,Knicks,132
0022501212,2025-12-12,WAS,Wizards,126,CLE,Cavaliers,130
0022501209,2025-12-12,CHA,Hornets,126,CHI,Bulls,129
0022501211,2025-12-12,PHI,76ers,115,IND,Pacers,105
0022501210,2025-12-12,DET,Pistons,142,ATL,Hawks,115
0022501213,2025-12-12,MEM,Grizzlies,126,UTA,Jazz,130
0022501214,2025-12-12,DAL,Mavericks,119,BKN,Nets,111
0022501215,2025-12-12,GSW,Warriors,120,MIN,Timberwolves,127
0022501208,2025-12-11,SAC,Kings,105,DEN,Nuggets,136
0022501207,2025-12-11,NOP,Pelicans,143,POR,Trail Blazers,120
0022501206,2025-12-11,MIL,Bucks,116,BOS,Celtics,101
0022501205,2025-12-11,HOU,Rockets,115,LAC,Clippers,113
0022501204,2025-12-10,LAL,Lakers,119,SAS,Spurs,132
0022501203,2025-12-10,OKC,Thunder,138,PHX,Suns,89
0022501201,2025-12-09,ORL,Magic,117,MIA,Heat,108
0022501202,2025-12-09,TOR,Raptors,101,NYK,Knicks,117
0022500365,2025-12-08,MIN,Timberwolves,105,PHX,Suns,108
0022500364,2025-12-08,IND,Pacers,116,SAC,Kings,105
0022500366,2025-12-08,NOP,Pelicans,132,SAS,Spurs,135
0022500363,2025-12-07,UTA,Jazz,101,OKC,Thunder,131
0022500362,2025-12-07,PHI,76ers,108,LAL,Lakers,112
0022500361,2025-12-07,CHI,Bulls,91,GSW,Warriors,123
0022500360,2025-12-07,MEM,Grizzlies,119,POR,Trail Blazers,96
0022500359,2025-12-07,CHA,Hornets,106,DEN,Nuggets,115
0022500358,2025-12-07,TOR,Raptors,113,BOS,Celtics,121
0022500357,2025-12-07,NYK,Knicks,106,ORL,Magic,100
0022500356,2025-12-06,DAL,Mavericks,122,HOU,Rockets,109
0022500355,2025-12-06,MIN,Timberwolves,109,LAC,Clippers,106
0022500354,2025-12-06,MIA,Heat,111,SAC,Kings,127
0022500353,2025-12-06,DET,Pistons,124,MIL,Bucks,112
0022500352,2025-12-06,CLE,Cavaliers,94,GSW,Warriors,99
0022500351,2025-12-06,WAS,Wizards,116,ATL,Hawks,131
0022500350,2025-12-06,BKN,Nets,119,NOP,Pelicans,101
0022500340,2025-12-05,ATL,Hawks,133,DEN,Nuggets,134
0022500341,2025-12-05,CLE,Cavaliers,130,SAS,Spurs,117
0022500343,2025-12-05,NYK,Knicks,146,UTA,Jazz,112
0022500339,2025-12-05,ORL,Magic,106,MIA,Heat,105
0022500338,2025-12-05,BOS,Celtics,126,LAL,Lakers,105
0022500342,2025-12-05,DET,Pistons,122,POR,Trail Blazers,116
0022500349,2025-12-05,OKC,Thunder,132,DAL,Mavericks,111
0022500344,2025-12-05,TOR,Raptors,86,CHA,Hornets,111
0022500347,2025-12-05,MEM,Grizzlies,107,LAC,Clippers,98
0022500348,2025-12-05,MIL,Bucks,101,PHI,76ers,116
0022500345,2025-12-05,CHI,Bulls,105,IND,Pacers,120
0022500346,2025-12-05,HOU,Rockets,117,PHX,Suns,98
0022500337,2025-12-04,NOP,Pelicans,116,MIN,Timberwolves,125
0022500336,2025-12-04,TOR,Raptors,120,LAL,Lakers,123
0022500335,2025-12-04,BKN,Nets,110,UTA,Jazz,123
0022500334,2025-12-04,WAS,Wizards,101,BOS,Celtics,146
0022500333,2025-12-04,PHI,76ers,99,GSW,Warriors,98
0022500328,2025-12-03,NYK,Knicks,119,CHA,Hornets,104
0022500325,2025-12-03,IND,Pacers,120,DEN,Nuggets,135
0022500326,2025-12-03,ORL,Magic,112,SAS,Spurs,114
0022500327,2025-12-03,ATL,Hawks,92,LAC,Clippers,115
0022500324,2025-12-03,CLE,Cavaliers,110,POR,Trail Blazers,122
0022500329,2025-12-03,CHI,Bulls,103,BKN,Nets,113
0022500331,2025-12-03,MIL,Bucks,113,DET,Pistons,109
0022500332,2025-12-03,DAL,Mavericks,118,MIA,Heat,108
0022500330,2025-12-03,HOU,Rockets,121,SAC,Kings,95
0022500320,2025-12-02,BOS,Celtics,123,NYK,Knicks,117
0022500318,2025-12-02,PHI,76ers,121,WAS,Wizards,102
0022500319,2025-12-02,TOR,Raptors,121,POR,Trail Blazers,118
0022500322,2025-12-02,SAS,Spurs,126,MEM,Grizzlies,119
0022500321,2025-12-02,NOP,Pelicans,142,MIN,Timberwolves,149
0022500323,2025-12-02,GSW,Warriors,112,OKC,Thunder,124
0022500316,2025-12-01,UTA,Jazz,133,HOU,Rockets,125
0022500315,2025-12-01,DEN,Nuggets,121,DAL,Mavericks,131
0022500314,2025-12-01,ORL,Magic,125,CHI,Bulls,120
0022500313,2025-12-01,MIA,Heat,140,LAC,Clippers,123
0022500312,2025-12-01,BKN,Nets,116,CHA,Hornets,103
0022500311,2025-12-01,WAS,Wizards,129,MIL,Bucks,126
0022500310,2025-12-01,IND,Pacers,119,CLE,Cavaliers,135
0022500309,2025-12-01,DET,Pistons,99,ATL,Hawks,98
0022500317,2025-12-01,LAL,Lakers,108,PHX,Suns,125
0022500301,2025-11-30,UTA,Jazz,101,HOU,Rockets,129
0022500304,2025-11-30,PHI,76ers,134,ATL,Hawks,142
0022500302,2025-11-30,CLE,Cavaliers,115,BOS,Celtics,117
0022500303,2025-11-30,NYK,Knicks,116,TOR,Raptors,94
0022500306,2025-11-30,MIN,Timberwolves,125,SAS,Spurs,112
0022500305,2025-11-30,POR,Trail Blazers,115,OKC,Thunder,123
0022500308,2025-11-30,LAL,Lakers,133,NOP,Pelicans,121
0022500307,2025-11-30,SAC,Kings,107,MEM,Grizzlies,115
0022500300,2025-11-29,LAC,Clippers,110,DAL,Mavericks,114
0022500299,2025-11-29,PHX,Suns,112,DEN,Nuggets,130
0022500298,2025-11-29,GSW,Warriors,104,NOP,Pelicans,96
0022500297,2025-11-29,MIL,Bucks,116,BKN,Nets,99
0022500296,2025-11-29,MIA,Heat,135,DET,Pistons,138
0022500295,2025-11-29,IND,Pacers,103,CHI,Bulls,101
0022500294,2025-11-29,CHA,Hornets,118,TOR,Raptors,111
0022500293,2025-11-29,MIN,Timberwolves,119,BOS,Celtics,115
0022500074,2025-11-28,NYK,Knicks,118,MIL,Bucks,109
0022500069,2025-11-28,ATL,Hawks,130,CLE,Cavaliers,123
0022500070,2025-11-28,BKN,Nets,103,PHI,76ers,115
0022500071,2025-11-28,CHA,Hornets,123,CHI,Bulls,116
0022500072,2025-11-28,DET,Pistons,109,ORL,Magic,112
0022500073,2025-11-28,IND,Pacers,119,WAS,Wizards,86
0022500075,2025-11-28,OKC,Thunder,123,PHX,Suns,119
0022500077,2025-11-28,UTA,Jazz,128,SAC,Kings,119
0022500078,2025-11-28,LAL,Lakers,129,DAL,Mavericks,119
0022500079,2025-11-28,LAC,Clippers,107,MEM,Grizzlies,112
0022500076,2025-11-28,DEN,Nuggets,136,SAS,Spurs,139
0022500064,2025-11-26,OKC,Thunder,113,MIN,Timberwolves,105
0022500060,2025-11-26,BOS,Celtics,117,DET,Pistons,114
0022500061,2025-11-26,CHA,Hornets,101,NYK,Knicks,129
0022500062,2025-11-26,MIA,Heat,106,MIL,Bucks,103
0022500063,2025-11-26,TOR,Raptors,97,IND,Pacers,95
0022500065,2025-11-26,NOP,Pelicans,128,MEM,Grizzlies,133
0022500066,2025-11-26,GSW,Warriors,100,HOU,Rockets,104
0022500067,2025-11-26,POR,Trail Blazers,102,SAS,Spurs,115
0022500068,2025-11-26,SAC,Kings,100,PHX,Suns,112
0022500059,2025-11-25,LAL,Lakers,135,LAC,Clippers,118
0022500058,2025-11-25,PHI,76ers,103,ORL,Magic,144
0022500057,2025-11-25,WAS,Wizards,132,ATL,Hawks,113
0022500284,2025-11-24,TOR,Raptors,110,CLE,Cavaliers,99
0022500285,2025-11-24,BKN,Nets,100,NYK,Knicks,113
0022500289,2025-11-24,NOP,Pelicans,143,CHI,Bulls,130
0022500283,2025-11-24,IND,Pacers,117,DET,Pistons,122
0022500287,2025-11-24,MEM,Grizzlies,115,DEN,Nuggets,125
0022500286,2025-11-24,MIA,Heat,106,DAL,Mavericks,102
0022500290,2025-11-24,PHX,Suns,92,HOU,Rockets,114
0022500288,2025-11-24,MIL,Bucks,103,POR,Trail Blazers,115
0022500291,2025-11-24,GSW,Warriors,134,UTA,Jazz,117
0022500292,2025-11-24,SAC,Kings,117,MIN,Timberwolves,112
0022500279,2025-11-23,TOR,Raptors,119,BKN,Nets,109
0022500276,2025-11-23,ATL,Hawks,113,CHA,Hornets,110
0022500277,2025-11-23,BOS,Celtics,138,ORL,Magic,129
0022500278,2025-11-23,CLE,Cavaliers,120,LAC,Clippers,105
0022500275,2025-11-23,PHI,76ers,117,MIA,Heat,127
0022500280,2025-11-23,OKC,Thunder,122,POR,Trail Blazers,95
0022500281,2025-11-23,PHX,Suns,111,SAS,Spurs,102
0022500282,2025-11-23,UTA,Jazz,106,LAL,Lakers,108
0022500274,2025-11-22,DEN,Nuggets,123,SAC,Kings,128
0022500273,2025-11-22,DAL,Mavericks,96,MEM,Grizzlies,102
0022500272,2025-11-22,MIL,Bucks,116,DET,Pistons,129
0022500271,2025-11-22,CHI,Bulls,121,WAS,Wizards,120
0022500270,2025-11-22,NOP,Pelicans,98,ATL,Hawks,115
0022500269,2025-11-22,ORL,Magic,133,NYK,Knicks,121
0022500268,2025-11-22,CHA,Hornets,116,LAC,Clippers,131
0022500052,2025-11-21,DAL,Mavericks,118,NOP,Pelicans,115
0022500048,2025-11-21,CLE,Cavaliers,120,IND,Pacers,109
0022500049,2025-11-21,BOS,Celtics,105,BKN,Nets,113
0022500050,2025-11-21,TOR,Raptors,140,WAS,Wizards,110
0022500051,2025-11-21,CHI,Bulls,107,MIA,Heat,143
0022500054,2025-11-21,HOU,Rockets,109,DEN,Nuggets,112
0022500053,2025-11-21,PHX,Suns,114,MIN,Timberwolves,113
0022500055,2025-11-21,UTA,Jazz,112,OKC,Thunder,144
0022500056,2025-11-21,GSW,Warriors,123,POR,Trail Blazers,127
0022500267,2025-11-20,SAS,Spurs,135,ATL,Hawks,126
0022500266,2025-11-20,MIL,Bucks,114,PHI,76ers,123
0022500265,2025-11-20,MEM,Grizzlies,137,SAC,Kings,96
0022500264,2025-11-20,ORL,Magic,129,LAC,Clippers,101
0022500259,2025-11-19,MIN,Timberwolves,120,WAS,Wizards,109
0022500255,2025-11-19,CLE,Cavaliers,104,HOU,Rockets,114
0022500256,2025-11-19,IND,Pacers,127,CHA,Hornets,118
0022500257,2025-11-19,MIA,Heat,110,GSW,Warriors,96
0022500258,2025-11-19,PHI,76ers,112,TOR,Raptors,121
0022500262,2025-11-19,DAL,Mavericks,111,NYK,Knicks,113
0022500260,2025-11-19,NOP,Pelicans,118,DEN,Nuggets,125
0022500261,2025-11-19,OKC,Thunder,113,SAC,Kings,99
0022500263,2025-11-19,POR,Trail Blazers,121,CHI,Bulls,122
0022500251,2025-11-18,ATL,Hawks,112,DET,Pistons,120
0022500249,2025-11-18,ORL,Magic,121,GSW,Warriors,113
0022500250,2025-11-18,BKN,Nets,99,BOS,Celtics,113
0022500253,2025-11-18,LAL,Lakers,140,UTA,Jazz,126
0022500252,2025-11-18,SAS,Spurs,111,MEM,Grizzlies,101
0022500254,2025-11-18,POR,Trail Blazers,110,PHX,Suns,127
0022500245,2025-11-17,TOR,Raptors,110,CHA,Hornets,108
0022500242,2025-11-17,DET,Pistons,127,IND,Pacers,112
0022500243,2025-11-17,PHI,76ers,110,LAC,Clippers,108
0022500244,2025-11-17,MIA,Heat,115,NYK,Knicks,113
0022500241,2025-11-17,CLE,Cavaliers,118,MIL,Bucks,106
0022500246,2025-11-17,MIN,Timberwolves,120,DAL,Mavericks,96
0022500247,2025-11-17,NOP,Pelicans,109,OKC,Thunder,126
0022500248,2025-11-17,DEN,Nuggets,127,CHI,Bulls,130
0022500240,2025-11-16,UTA,Jazz,150,CHI,Bulls,147
0022500239,2025-11-16,PHX,Suns,122,ATL,Hawks,124
0022500238,2025-11-16,DAL,Mavericks,138,POR,Trail Blazers,133
0022500237,2025-11-16,NOP,Pelicans,106,GSW,Warriors,124
0022500236,2025-11-16,HOU,Rockets,117,ORL,Magic,113
0022500235,2025-11-16,WAS,Wizards,106,BKN,Nets,129
0022500234,2025-11-16,SAS,Spurs,123,SAC,Kings,110
0022500233,2025-11-16,BOS,Celtics,121,LAC,Clippers,118
0022500230,2025-11-15,IND,Pacers,111,TOR,Raptors,129
0022500228,2025-11-15,CLE,Cavaliers,108,MEM,Grizzlies,100
0022500229,2025-11-15,CHA,Hornets,96,OKC,Thunder,109
0022500231,2025-11-15,MIL,Bucks,95,LAL,Lakers,119
0022500232,2025-11-15,MIN,Timberwolves,112,DEN,Nuggets,123
0022500040,2025-11-14,ORL,Magic,105,BKN,Nets,98
0022500047,2025-11-14,SAS,Spurs,108,GSW,Warriors,109
0022500046,2025-11-14,DAL,Mavericks,127,LAC,Clippers,133
0022500045,2025-11-14,NOP,Pelicans,104,LAL,Lakers,118
0022500044,2025-11-14,MIN,Timberwolves,124,SAC,Kings,110
0022500043,2025-11-14,MIL,Bucks,147,CHA,Hornets,134
0022500042,2025-11-14,HOU,Rockets,140,POR,Trail Blazers,116
0022500041,2025-11-14,DET,Pistons,114,PHI,76ers,105
0022500039,2025-11-14,NYK,Knicks,140,MIA,Heat,132
0022500227,2025-11-13,UTA,Jazz,122,ATL,Hawks,132
0022500226,2025-11-13,PHX,Suns,133,IND,Pacers,98
0022500225,2025-11-13,CLE,Cavaliers,113,TOR,Raptors,126
0022500215,2025-11-12,NYK,Knicks,107,ORL,Magic,124
0022500216,2025-11-12,BOS,Celtics,131,MEM,Grizzlies,95
0022500218,2025-11-12,HOU,Rockets,135,WAS,Wizards,112
0022500214,2025-11-12,DET,Pistons,124,CHI,Bulls,113
0022500213,2025-11-12,CHA,Hornets,111,MIL,Bucks,100
0022500217,2025-11-12,MIA,Heat,116,CLE,Cavaliers,130
0022500223,2025-11-12,SAC,Kings,100,ATL,Hawks,133
0022500219,2025-11-12,NOP,Pelicans,117,POR,Trail Blazers,125
0022500221,2025-11-12,DAL,Mavericks,114,PHX,Suns,123
0022500222,2025-11-12,OKC,Thunder,121,LAL,Lakers,92
0022500220,2025-11-12,SAS,Spurs,120,GSW,Warriors,125
0022500224,2025-11-12,LAC,Clippers,116,DEN,Nuggets,130
0022500212,2025-11-11,SAC,Kings,108,DEN,Nuggets,122
0022500211,2025-11-11,UTA,Jazz,152,IND,Pacers,128
0022500210,2025-11-11,OKC,Thunder,126,GSW,Warriors,102
0022500209,2025-11-11,PHI,76ers,102,BOS,Celtics,100
0022500208,2025-11-11,NYK,Knicks,133,MEM,Grizzlies,120
0022500207,2025-11-11,BKN,Nets,109,TOR,Raptors,119
0022500202,2025-11-10,CHI,Bulls,117,SAS,Spurs,121
0022500199,2025-11-10,DET,Pistons,137,WAS,Wizards,135
0022500200,2025-11-10,ORL,Magic,115,POR,Trail Blazers,112
0022500201,2025-11-10,MIA,Heat,140,CLE,Cavaliers,138
0022500198,2025-11-10,CHA,Hornets,111,LAL,Lakers,121
0022500203,2025-11-10,DAL,Mavericks,114,MIL,Bucks,116
0022500205,2025-11-10,UTA,Jazz,113,MIN,Timberwolves,120
0022500206,2025-11-10,LAC,Clippers,102,ATL,Hawks,105
0022500204,2025-11-10,PHX,Suns,121,NOP,Pelicans,98
0022500197,2025-11-09,SAC,Kings,117,MIN,Timberwolves,144
0022500196,2025-11-09,GSW,Warriors,114,IND,Pacers,83
0022500195,2025-11-09,PHI,76ers,108,DET,Pistons,111
0022500194,2025-11-09,MEM,Grizzlies,100,OKC,Thunder,114
0022500193,2025-11-09,ORL,Magic,107,BOS,Celtics,111
0022500192,2025-11-09,NYK,Knicks,134,BKN,Nets,98
0022500191,2025-11-09,MIL,Bucks,115,HOU,Rockets,122
0022500186,2025-11-08,CLE,Cavaliers,128,CHI,Bulls,122
0022500183,2025-11-08,WAS,Wizards,105,DAL,Mavericks,111
0022500184,2025-11-08,PHI,76ers,130,TOR,Raptors,120
0022500185,2025-11-08,ATL,Hawks,122,LAL,Lakers,102
0022500190,2025-11-08,LAC,Clippers,103,PHX,Suns,114
0022500187,2025-11-08,MIA,Heat,136,POR,Trail Blazers,131
0022500188,2025-11-08,SAS,Spurs,126,NOP,Pelicans,119
0022500189,2025-11-08,DEN,Nuggets,117,IND,Pacers,100
0022500033,2025-11-07,MIA,Heat,126,CHA,Hornets,108
0022500029,2025-11-07,WAS,Wizards,115,CLE,Cavaliers,148
0022500030,2025-11-07,ATL,Hawks,97,TOR,Raptors,109
0022500028,2025-11-07,ORL,Magic,123,BOS,Celtics,110
0022500031,2025-11-07,BKN,Nets,107,DET,Pistons,125
0022500032,2025-11-07,SAS,Spurs,121,HOU,Rockets,110
0022500036,2025-11-07,MIN,Timberwolves,137,UTA,Jazz,97
0022500034,2025-11-07,MEM,Grizzlies,118,DAL,Mavericks,104
0022500037,2025-11-07,DEN,Nuggets,129,GSW,Warriors,104
0022500038,2025-11-07,SAC,Kings,101,OKC,Thunder,132
0022500035,2025-11-07,MIL,Bucks,126,CHI,Bulls,110
0022500182,2025-11-06,PHX,Suns,115,LAC,Clippers,102
0022500176,2025-11-05,MEM,Grizzlies,109,HOU,Rockets,124
0022500171,2025-11-05,CLE,Cavaliers,132,PHI,76ers,121
0022500172,2025-11-05,DET,Pistons,114,UTA,Jazz,103
0022500173,2025-11-05,IND,Pacers,103,BKN,Nets,112
0022500174,2025-11-05,BOS,Celtics,136,WAS,Wizards,107
0022500175,2025-11-05,NYK,Knicks,137,MIN,Timberwolves,114
0022500178,2025-11-05,DEN,Nuggets,122,MIA,Heat,112
0022500177,2025-11-05,DAL,Mavericks,99,NOP,Pelicans,101
0022500179,2025-11-05,LAL,Lakers,118,SAS,Spurs,116
0022500180,2025-11-05,POR,Trail Blazers,121,OKC,Thunder,119
0022500181,2025-11-05,SAC,Kings,121,GSW,Warriors,116
0022500167,2025-11-04,CHI,Bulls,113,PHI,76ers,111
0022500165,2025-11-04,TOR,Raptors,128,MIL,Bucks,100
0022500166,2025-11-04,ATL,Hawks,127,ORL,Magic,112
0022500170,2025-11-04,LAC,Clippers,107,OKC,Thunder,126
0022500168,2025-11-04,NOP,Pelicans,116,CHA,Hornets,112
0022500169,2025-11-04,GSW,Warriors,118,PHX,Suns,107
0022500164,2025-11-03,LAC,Clippers,119,MIA,Heat,120
0022500163,2025-11-03,POR,Trail Blazers,115,LAL,Lakers,123
0022500162,2025-11-03,DEN,Nuggets,130,SAC,Kings,124
0022500161,2025-11-03,MEM,Grizzlies,106,DET,Pistons,114
0022500160,2025-11-03,HOU,Rockets,110,DAL,Mavericks,102
0022500159,2025-11-03,NYK,Knicks,119,WAS,Wizards,102
0022500158,2025-11-03,BOS,Celtics,103,UTA,Jazz,105
0022500157,2025-11-03,IND,Pacers,115,MIL,Bucks,117
0022500156,2025-11-03,BKN,Nets,109,MIN,Timberwolves,125
0022500151,2025-11-02,CLE,Cavaliers,117,ATL,Hawks,109
0022500148,2025-11-02,OKC,Thunder,137,NOP,Pelicans,106
0022500149,2025-11-02,BKN,Nets,105,PHI,76ers,129
0022500150,2025-11-02,CHA,Hornets,126,UTA,Jazz,103
0022500154,2025-11-02,PHX,Suns,130,SAS,Spurs,118
0022500152,2025-11-02,TOR,Raptors,117,MEM,Grizzlies,104
0022500153,2025-11-02,NYK,Knicks,128,CHI,Bulls,116
0022500155,2025-11-02,LAL,Lakers,130,MIA,Heat,120
0022500145,2025-11-01,WAS,Wizards,94,ORL,Magic,125
0022500143,2025-11-01,CHA,Hornets,105,MIN,Timberwolves,122
0022500144,2025-11-01,IND,Pacers,114,GSW,Warriors,109
0022500142,2025-11-01,MIL,Bucks,133,SAC,Kings,135
0022500146,2025-11-01,BOS,Celtics,101,HOU,Rockets,128
0022500147,2025-11-01,DET,Pistons,122,DAL,Mavericks,110
0022500027,2025-10-31,LAC,Clippers,126,NOP,Pelicans,124
0022500026,2025-10-31,POR,Trail Blazers,109,DEN,Nuggets,107
0022500025,2025-10-31,PHX,Suns,118,UTA,Jazz,96
0022500024,2025-10-31,MEM,Grizzlies,112,LAL,Lakers,117
0022500023,2025-10-31,CHI,Bulls,135,NYK,Knicks,125
0022500022,2025-10-31,CLE,Cavaliers,101,TOR,Raptors,112
0022500021,2025-10-31,PHI,76ers,108,BOS,Celtics,109
0022500020,2025-10-31,IND,Pacers,108,ATL,Hawks,128
0022500140,2025-10-30,OKC,Thunder,127,WAS,Wizards,108
0022500139,2025-10-30,MIL,Bucks,120,GSW,Warriors,110
0022500138,2025-10-30,CHA,Hornets,107,ORL,Magic,123
0022500141,2025-10-30,SAS,Spurs,107,MIA,Heat,101
0022500133,2025-10-29,DAL,Mavericks,107,IND,Pacers,105
0022500129,2025-10-29,DET,Pistons,135,ORL,Magic,116
0022500130,2025-10-29,BKN,Nets,112,ATL,Hawks,117
0022500131,2025-10-29,TOR,Raptors,121,HOU,Rockets,139
0022500132,2025-10-29,CHI,Bulls,126,SAC,Kings,113
0022500128,2025-10-29,BOS,Celtics,125,CLE,Cavaliers,105
0022500134,2025-10-29,DEN,Nuggets,122,NOP,Pelicans,88
0022500135,2025-10-29,UTA,Jazz,134,POR,Trail Blazers,136
0022500136,2025-10-29,MIN,Timberwolves,115,LAL,Lakers,116
0022500137,2025-10-29,PHX,Suns,113,MEM,Grizzlies,114
0022500127,2025-10-28,GSW,Warriors,98,LAC,Clippers,79
0022500126,2025-10-28,OKC,Thunder,107,SAC,Kings,101
0022500125,2025-10-28,MIL,Bucks,121,NYK,Knicks,111
0022500124,2025-10-28,MIA,Heat,144,CHA,Hornets,117
0022500123,2025-10-28,WAS,Wizards,134,PHI,76ers,139
0022500117,2025-10-27,NOP,Pelicans,90,BOS,Celtics,122
0022500007,2025-10-27,DET,Pistons,95,CLE,Cavaliers,116
0022500008,2025-10-27,MIN,Timberwolves,114,DEN,Nuggets,127
0022500114,2025-10-27,PHI,76ers,136,ORL,Magic,124
0022500115,2025-10-27,CHI,Bulls,128,ATL,Hawks,123
0022500116,2025-10-27,HOU,Rockets,137,BKN,Nets,109
0022500119,2025-10-27,DAL,Mavericks,94,OKC,Thunder,101
0022500118,2025-10-27,SAS,Spurs,121,TOR,Raptors,103
0022500120,2025-10-27,UTA,Jazz,138,PHX,Suns,134
0022500121,2025-10-27,GSW,Warriors,131,MEM,Grizzlies,118
0022500122,2025-10-27,LAL,Lakers,108,POR,Trail Blazers,122
0022500109,2025-10-26,WAS,Wizards,113,CHA,Hornets,139
0022500105,2025-10-26,SAS,Spurs,118,BKN,Nets,107
0022500107,2025-10-26,CLE,Cavaliers,118,MIL,Bucks,113
0022500108,2025-10-26,MIA,Heat,115,NYK,Knicks,107
0022500106,2025-10-26,DET,Pistons,119,BOS,Celtics,113
0022500110,2025-10-26,MIN,Timberwolves,114,IND,Pacers,110
0022500111,2025-10-26,DAL,Mavericks,139,TOR,Raptors,129
0022500112,2025-10-26,LAC,Clippers,114,POR,Trail Blazers,107
0022500113,2025-10-26,SAC,Kings,120,LAL,Lakers,127
0022500104,2025-10-25,DEN,Nuggets,133,PHX,Suns,111
0022500103,2025-10-25,MEM,Grizzlies,128,IND,Pacers,103
0022500102,2025-10-25,PHI,76ers,125,CHA,Hornets,121
0022500101,2025-10-25,ATL,Hawks,100,OKC,Thunder,117
0022500100,2025-10-25,ORL,Magic,98,CHI,Bulls,110
0022500093,2025-10-24,HOU,Rockets,111,DET,Pistons,115
0022500018,2025-10-24,NYK,Knicks,105,BOS,Celtics,95
0022500019,2025-10-24,LAL,Lakers,128,MIN,Timberwolves,110
0022500090,2025-10-24,ORL,Magic,107,ATL,Hawks,111
0022500091,2025-10-24,BKN,Nets,124,CLE,Cavaliers,131
0022500092,2025-10-24,TOR,Raptors,116,MIL,Bucks,122
0022500099,2025-10-24,LAC,Clippers,129,PHX,Suns,102
0022500094,2025-10-24,MEM,Grizzlies,114,MIA,Heat,146
0022500095,2025-10-24,NOP,Pelicans,116,SAS,Spurs,120
0022500096,2025-10-24,DAL,Mavericks,107,WAS,Wizards,117
0022500097,2025-10-24,POR,Trail Blazers,139,GSW,Warriors,119
0022500098,2025-10-24,SAC,Kings,105,UTA,Jazz,104
0022500006,2025-10-23,GSW,Warriors,137,DEN,Nuggets,131
0022500005,2025-10-23,IND,Pacers,135,OKC,Thunder,141
0022500083,2025-10-22,BOS,Celtics,116,PHI,76ers,117
0022500004,2025-10-22,DAL,Mavericks,92,SAS,Spurs,125
0022500080,2025-10-22,CHA,Hornets,136,BKN,Nets,117
0022500081,2025-10-22,ORL,Magic,125,MIA,Heat,121
0022500003,2025-10-22,NYK,Knicks,119,CLE,Cavaliers,111
0022500082,2025-10-22,ATL,Hawks,118,TOR,Raptors,138
0022500086,2025-10-22,MIL,Bucks,133,WAS,Wizards,120
0022500084,2025-10-22,CHI,Bulls,115,DET,Pistons,111
0022500088,2025-10-22,PHX,Suns,120,SAC,Kings,116
0022500089,2025-10-22,POR,Trail Blazers,114,MIN,Timberwolves,118
0022500085,2025-10-22,MEM,Grizzlies,128,NOP,Pelicans,122
0022500087,2025-10-22,UTA,Jazz,129,LAC,Clippers,108
0022500002,2025-10-21,LAL,Lakers,109,GSW,Warriors,119
0022500001,2025-10-21,OKC,Thunder,125,HOU,Rockets,124
0012500071,2025-10-17,PHI,76ers,126,MIN,Timberwolves,110
0012500069,2025-10-17,GSW,Warriors,103,LAC,Clippers,106
0012500068,2025-10-17,SAS,Spurs,133,IND,Pacers,104
0012500067,2025-10-17,OKC,Thunder,94,DEN,Nuggets,91
0012500066,2025-10-17,NYK,Knicks,113,CHA,Hornets,108
0012500065,2025-10-17,TOR,Raptors,119,BKN,Nets,114
0012500007,2025-10-17,LAL,Lakers,116,SAC,Kings,117
0012500006,2025-10-17,MIA,Heat,125,MEM,Grizzlies,141
0012500025,2025-10-16,UTA,Jazz,132,POR,Trail Blazers,129
0012500023,2025-10-16,ORL,Magic,132,NOP,Pelicans,125
0012500024,2025-10-16,ATL,Hawks,115,HOU,Rockets,133
0012500063,2025-10-16,DET,Pistons,119,WAS,Wizards,98
0012500064,2025-10-16,CHI,Bulls,126,MIN,Timberwolves,120
0012500022,2025-10-15,SAC,Kings,91,LAC,Clippers,109
0012500005,2025-10-15,LAL,Lakers,94,DAL,Mavericks,121
0012500062,2025-10-15,BOS,Celtics,110,TOR,Raptors,108
0012500061,2025-10-15,CHA,Hornets,145,MEM,Grizzlies,116
0012500060,2025-10-14,PHX,Suns,113,LAL,Lakers,104
0012500059,2025-10-14,DEN,Nuggets,124,CHI,Bulls,117
0012500058,2025-10-14,MIL,Bucks,112,OKC,Thunder,116
0012500021,2025-10-14,POR,Trail Blazers,111,GSW,Warriors,118
0012500020,2025-10-14,NOP,Pelicans,128,HOU,Rockets,130
0012500057,2025-10-14,CLE,Cavaliers,118,DET,Pistons,100
0012500056,2025-10-13,UTA,Jazz,101,DAL,Mavericks,114
0012500055,2025-10-13,MIN,Timberwolves,134,GUA,Loong-Lions,74
0012500054,2025-10-13,NYK,Knicks,103,WAS,Wizards,120
0012500053,2025-10-13,IND,Pacers,108,SAS,Spurs,124
0012500019,2025-10-13,ATL,Hawks,119,MIA,Heat,118
0012500004,2025-10-12,LAL,Lakers,126,GSW,Warriors,116
0012500049,2025-10-12,ORL,Magic,120,MIA,Heat,104
0012500013,2025-10-12,PHX,Suns,109,BKN,Nets,111
0012500048,2025-10-12,WAS,Wizards,112,TOR,Raptors,113
0012500050,2025-10-12,BOS,Celtics,138,CLE,Cavaliers,107
0012500051,2025-10-12,CHI,Bulls,121,MIL,Bucks,127
0012500052,2025-10-12,LAC,Clippers,94,DEN,Nuggets,102
0012500047,2025-10-11,DAL,Mavericks,116,CHA,Hornets,120
0012500046,2025-10-11,IND,Pacers,116,OKC,Thunder,101
0012500018,2025-10-11,MEM,Grizzlies,116,ATL,Hawks,122
0012500012,2025-10-10,BKN,Nets,127,PHX,Suns,132
0012500017,2025-10-10,POR,Trail Blazers,124,SAC,Kings,123
0012500044,2025-10-10,TOR,Raptors,107,BOS,Celtics,105
0012500045,2025-10-10,SAS,Spurs,134,UTA,Jazz,130
0012500070,2025-10-10,PHI,76ers,98,ORL,Magic,128
0012500043,2025-10-09,LAC,Clippers,142,GUA,Loong-Lions,95
0012500042,2025-10-09,OKC,Thunder,122,CHA,Hornets,116
0012500041,2025-10-09,MIL,Bucks,117,DET,Pistons,111
0012500040,2025-10-09,CHI,Bulls,119,CLE,Cavaliers,112
0012500039,2025-10-09,NYK,Knicks,100,MIN,Timberwolves,95
0012500003,2025-10-08,MIA,Heat,107,SAS,Spurs,112
0012500015,2025-10-08,GSW,Warriors,129,POR,Trail Blazers,123
0012500016,2025-10-08,SAC,Kings,122,TOR,Raptors,130
0012500037,2025-10-08,HOU,Rockets,140,UTA,Jazz,127
0012500038,2025-10-08,MEM,Grizzlies,103,BOS,Celtics,121
0012500036,2025-10-07,MIN,Timberwolves,134,IND,Pacers,135
0012500035,2025-10-07,CLE,Cavaliers,117,CHI,Bulls,118
0012500032,2025-10-06,SAS,Spurs,119,GUA,Loong-Lions,88
0012500002,2025-10-06,MIA,Heat,93,MIL,Bucks,103
0012500031,2025-10-06,MEM,Grizzlies,112,DET,Pistons,128
0012500014,2025-10-06,HOU,Rockets,122,ATL,Hawks,113
0012500033,2025-10-06,DAL,Mavericks,106,OKC,Thunder,89
0012500034,2025-10-06,TOR,Raptors,108,DEN,Nuggets,112
0012500030,2025-10-05,GSW,Warriors,111,LAL,Lakers,103
0012500029,2025-10-05,CHA,Hornets,114,OKC,Thunder,135
0012500028,2025-10-04,DEN,Nuggets,116,MIN,Timberwolves,126
0012500027,2025-10-04,MIA,Heat,118,ORL,Magic,126
0012500026,2025-10-04,BKN,Nets,123,HAP,Jerusalem B.C.,88
0012500011,2025-10-04,NOP,Pelicans,127,SEM,Phoenix,92
0012500010,2025-10-04,PHI,76ers,104,NYK,Knicks,113
0012500009,2025-10-03,NOP,Pelicans,107,MEL,United,97
0012500001,2025-10-03,LAL,Lakers,81,PHX,Suns,103
0012500008,2025-10-02,NYK,Knicks,99,PHI,76ers,84
